Sample,Year,Province,K13,PMII,MDR1,CRT_PPQ_status,KEL1_PLA1_proxy
7616,2016,Kampong Speu,C580Y,multi,mono,mutant,KEL1/PLA1
7617,2016,Kampong Speu,C580Y,multi,mono,,KEL1/PLA1
7618,2016,Kampong Speu,C580Y,multi,mono,,KEL1/PLA1
7619,2016,Kampong Speu,C580Y,mono,mono,,other
7621,2016,Kampong Speu,C580Y,mono,mono,,other
7622,2016,Kampong Speu,C580Y,mono,mono,,other
7623,2016,Kampong Speu,WT,mono,mono,,other
7624,2016,Kampong Speu,C580Y,multi,mono,,KEL1/PLA1
7625,2016,Kampong Speu,C580Y,multi,mono,,KEL1/PLA1
7630,2016,Kampong Speu,C580Y,multi,mono,,KEL1/PLA1
7631,2016,Kampong Speu,C580Y,multi,mono,,KEL1/PLA1
7633,2016,Kampong Speu,C580Y,multi,mono,sensible,KEL1/PLA1
7634,2016,Kampong Speu,C580Y,mono,mono,,other
7651,2016,Kampong Speu,C580Y,multi,mono,,KEL1/PLA1
7654,2016,Kampong Speu,C580Y,mono,mono,,other
7659,2016,Kampong Speu,C580Y,mono,mono,,other
7673,2016,Kampong Speu,C580Y,multi,mono,,KEL1/PLA1
7679,2016,Kampong Speu,C580Y,multi,mono,,KEL1/PLA1
7685,2016,Kampong Speu,C580Y,mono,mono,,other
7689,2016,Kampong Speu,C580Y,mono,mono,,other
7700,2016,Kampong Speu,C580Y,mono,mono,,other
7706,2016,Kampong Speu,C580Y,mono,mono,sensible,other
7707,2016,Kampong Speu,WT,mono,mono,,other
7710,2016,Kampong Speu,C580Y,multi,mono,mutant,KEL1/PLA1
7714,2016,Kampong Speu,WT,mono,mono,,other
7715,2016,Kampong Speu,C580Y,mono,mono,,other
7716,2016,Kampong Speu,C580Y,multi,mono,mutant,KEL1/PLA1
7719,2016,Kampong Speu,C580Y,multi,mono,mutant,KEL1/PLA1
7725,2016,Kampong Speu,C580Y,mono,mono,,other
7727,2016,Kampong Speu,C580Y,mono,mono,,other
7734,2016,Kampong Speu,C580Y,mono,mono,,other
7737,2016,Kampong Speu,C580Y,multi,mono,,KEL1/PLA1
7740,2016,Kampong Speu,C580Y,mono,mono,,other
7741,2016,Kampong Speu,C580Y,multi,mono,,KEL1/PLA1
7743,2016,Kampong Speu,C580Y,mono,mono,,other
7748,2016,Kampong Speu,C580Y,mono,mono,,other
7752,2016,Kampong Speu,C580Y,multi,mono,,KEL1/PLA1
7755,2016,Kampong Speu,C580Y,multi,mono,sensible,KEL1/PLA1
7758,2016,Kampong Speu,C580Y,mono,mono,,other
7761,2016,Kampong Speu,C580Y,multi,mono,,KEL1/PLA1
7768,2016,Kampong Speu,C580Y,multi,mono,sensible,KEL1/PLA1
7786,2016,Kampong Speu,C580Y,multi,mono,mutant,KEL1/PLA1
7787,2016,Kampong Speu,C580Y,mono,mono,mutant,other
7791,2016,Kampong Speu,C580Y,multi,mono,,KEL1/PLA1
7799,2016,Kampong Speu,C580Y,multi,mono,,KEL1/PLA1
7800,2016,Kampong Speu,C580Y,multi,mono,,KEL1/PLA1
7801,2016,Kampong Speu,C580Y,multi,mono,,KEL1/PLA1
7805,2016,Kampong Speu,C580Y,multi,mono,,KEL1/PLA1
7806,2016,Kampong Speu,C580Y,multi,mono,,KEL1/PLA1
7826,2016,Kampong Speu,C580Y,mono,mono,,other
7827,2016,Kampong Speu,C580Y,mono,mono,,other
7831,2016,Kampong Speu,C580Y,mono,mono,,other
7832,2016,Kampong Speu,C580Y,multi,mono,mutant,KEL1/PLA1
7833,2016,Kampong Speu,C580Y,multi,multi,,KEL1/PLA1
7839,2016,Kampong Speu,C580Y,multi,mono,,KEL1/PLA1
7840,2016,Kampong Speu,C580Y,multi,mono,,KEL1/PLA1
7843,2016,Kampong Speu,C580Y,mono,mono,,other
7855,2016,Kampong Speu,C580Y,multi,mono,,KEL1/PLA1
7858,2016,Kampong Speu,C580Y,multi,multi,,KEL1/PLA1
7859,2016,Kampong Speu,C580Y,multi,mono,,KEL1/PLA1
7864,2016,Kampong Speu,C580Y,multi,mono,,KEL1/PLA1
7879,2016,Kampong Speu,C580Y,mono,mono,,other
7717,2016,Kampong Speu,C580Y,mono,mono,,other
7808,2016,Kampong Speu,C580Y,mono,mono,mutant,other
7829,2016,Kampong Speu,C580Y,mono,mono,,other
7620,2016,Sieam Reap,C580Y,multi,mono,mutant,KEL1/PLA1
7629,2016,Sieam Reap,C580Y,mono,mono,sensible,other
7640,2016,Pursat,C580Y,mono,mono,mutant,other
7641,2016,Pursat,C580Y,mono,mono,mutant,other
7644,2016,Pursat,C580Y,multi,mono,mutant,KEL1/PLA1
7646,2016,Pursat,C580Y,multi,mono,,KEL1/PLA1
7648,2016,Pursat,C580Y,multi,mono,mutant,KEL1/PLA1
7649,2016,Pursat,C580Y,multi,mono,mutant,KEL1/PLA1
7661,2016,Pursat,C580Y,mono,mono,mutant,other
7667,2016,Sieam Reap,C580Y,multi,mono,mutant,KEL1/PLA1
7676,2016,Pursat,C580Y,mono,mono,sensible,other
7686,2016,Pursat,C580Y,multi,mono,mutant,KEL1/PLA1
7695,2016,Pursat,C580Y,multi,mono,mutant,KEL1/PLA1
7696,2016,Pursat,C580Y,multi,mono,mutant,KEL1/PLA1
7704,2016,Pursat,C580Y,multi,mono,mutant,KEL1/PLA1
7705,2016,Mondolkiri,C580Y,multi,mono,mutant,KEL1/PLA1
7708,2016,Pursat,C580Y,multi,mono,mutant,KEL1/PLA1
7709,2016,Pursat,C580Y,multi,mono,mutant,KEL1/PLA1
7722,2016,Pursat,C580Y,multi,mono,mutant,KEL1/PLA1
7723,2016,Pursat,C580Y,mono,mono,sensible,other
7728,2016,Pursat,C580Y,multi,mono,mutant,KEL1/PLA1
7729,2016,Pursat,C580Y,multi,mono,mutant,KEL1/PLA1
7730,2016,Pursat,C580Y,multi,mono,mutant,KEL1/PLA1
7731,2016,Pursat,C580Y,multi,mono,sensible,KEL1/PLA1
7732,2016,Mondolkiri,C580Y,multi,mono,mutant,KEL1/PLA1
7733,2016,Mondolkiri,C580Y,multi,mono,mutant,KEL1/PLA1
7738,2016,Mondolkiri,C580Y,mono,mono,sensible,other
7742,2016,Mondolkiri,C580Y,multi,mono,sensible,KEL1/PLA1
7744,2016,Mondolkiri,C580Y,multi,mono,sensible,KEL1/PLA1
7747,2016,Mondolkiri,C580Y,multi,mono,sensible,KEL1/PLA1
7754,2016,Pursat,C580Y,multi,mono,sensible,KEL1/PLA1
7757,2016,Mondolkiri,C580Y,multi,mono,sensible,KEL1/PLA1
7763,2016,Mondolkiri,C580Y,multi,mono,mutant,KEL1/PLA1
7767,2016,Pursat,C580Y,multi,mono,sensible,KEL1/PLA1
7769,2016,Mondolkiri,C580Y,multi,mono,mutant,KEL1/PLA1
7772,2016,Pursat,C580Y,multi,mono,mutant,KEL1/PLA1
7780,2016,Mondolkiri,C580Y,multi,mono,mutant,KEL1/PLA1
7785,2016,Mondolkiri,C580Y,multi,mono,mutant,KEL1/PLA1
7790,2016,Mondolkiri,C580Y,multi,mono,sensible,KEL1/PLA1
7794,2016,Mondolkiri,C580Y,multi,mono,sensible,KEL1/PLA1
7795,2016,Mondolkiri,C580Y,multi,mono,mutant,KEL1/PLA1
7796,2016,Mondolkiri,C580Y,multi,mono,mutant,KEL1/PLA1
7807,2016,Mondolkiri,C580Y,multi,mono,mutant,KEL1/PLA1
7809,2016,Mondolkiri,C580Y,multi,mono,mutant,KEL1/PLA1
7810,2016,Pursat,C580Y,multi,mono,mutant,KEL1/PLA1
7815,2016,Mondolkiri,C580Y,multi,mono,mutant,KEL1/PLA1
7816,2016,Mondolkiri,C580Y,multi,mono,mutant,KEL1/PLA1
7817,2016,Pursat,C580Y,mono,mono,mutant,other
7818,2016,Mondolkiri,C580Y,multi,mono,mutant,KEL1/PLA1
7820,2016,Pursat,C580Y,multi,mono,mutant,KEL1/PLA1
7821,2016,Mondolkiri,C580Y,multi,mono,sensible,KEL1/PLA1
7822,2016,Mondolkiri,C580Y,multi,mono,sensible,KEL1/PLA1
7828,2016,Mondolkiri,C580Y,multi,mono,sensible,KEL1/PLA1
7834,2016,Mondolkiri,C580Y,multi,mono,mutant,KEL1/PLA1
7835,2016,Mondolkiri,C580Y,multi,mono,sensible,KEL1/PLA1
7836,2016,Mondolkiri,C580Y,multi,mono,mutant,KEL1/PLA1
7850,2016,Mondolkiri,C580Y,mono,mono,sensible,other
7871,2016,Mondolkiri,C580Y,multi,mono,mutant,KEL1/PLA1
7875,2016,Pursat,C580Y,multi,mono,mutant,KEL1/PLA1
7876,2016,Mondolkiri,C580Y,multi,mono,sensible,KEL1/PLA1
7878,2016,Mondolkiri,C580Y,multi,mono,sensible,KEL1/PLA1
7880,2016,Pursat,C580Y,multi,mono,sensible,KEL1/PLA1
7883,2016,Pursat,C580Y,multi,mono,sensible,KEL1/PLA1
7627,2016,Rattanakiri,C580Y,multi,mono,,KEL1/PLA1
7628,2016,Rattanakiri,C580Y,mono,mono,,other
7632,2016,Rattanakiri,C580Y,multi,multi,,KEL1/PLA1
7635,2016,Stung Treng,C580Y,multi,mono,mutant,KEL1/PLA1
7636,2016,Rattanakiri,C580Y,mono,mono,,other
7637,2016,Rattanakiri,C580Y,multi,mono,,KEL1/PLA1
7638,2016,Rattanakiri,C580Y,multi,mono,,KEL1/PLA1
7639,2016,Rattanakiri,C580Y,multi,mono,,KEL1/PLA1
7642,2016,Stung Treng,C580Y,multi,mono,,KEL1/PLA1
7643,2016,Stung Treng,C580Y,multi,mono,,KEL1/PLA1
7645,2016,Rattanakiri,C580Y,multi,multi,,KEL1/PLA1
7650,2016,Rattanakiri,C580Y,mono,mono,,other
7652,2016,Rattanakiri,C580Y,mono,mono,,other
7653,2016,Stung Treng,C580Y,multi,mono,,KEL1/PLA1
7655,2016,Stung Treng,C580Y,multi,mono,mutant,KEL1/PLA1
7656,2016,Rattanakiri,C580Y,mono,mono,,other
7657,2016,Stung Treng,C580Y,mono,mono,mutant,other
7660,2016,Rattanakiri,WT,mono,mono,,other
7662,2016,Rattanakiri,C580Y,mono,mono,,other
7663,2016,Rattanakiri,C580Y,mono,mono,,other
7664,2016,Rattanakiri,C580Y,mono,multi,,other
7665,2016,Rattanakiri,C580Y,multi,mono,mutant,KEL1/PLA1
7666,2016,Stung Treng,C580Y,multi,mono,mutant,KEL1/PLA1
7669,2016,Stung Treng,C580Y,multi,multi,,KEL1/PLA1
7670,2016,Stung Treng,C580Y,multi,mono,sensible,KEL1/PLA1
7671,2016,Rattanakiri,C580Y,mono,multi,,other
7674,2016,Rattanakiri,WT,mono,mono,sensible,other
7675,2016,Rattanakiri,C580Y,multi,mono,mutant,KEL1/PLA1
7678,2016,Rattanakiri,C580Y,mono,mono,sensible,other
7682,2016,Rattanakiri,C580Y,multi,mono,,KEL1/PLA1
7683,2016,Rattanakiri,C580Y,multi,multi,,KEL1/PLA1
7684,2016,Rattanakiri,C580Y,multi,mono,,KEL1/PLA1
7687,2016,Rattanakiri,WT,mono,mono,,other
7688,2016,Stung Treng,C580Y,mono,mono,,other
7690,2016,Rattanakiri,WT,mono,mono,sensible,other
7691,2016,Rattanakiri,C580Y,multi,mono,,KEL1/PLA1
7692,2016,Rattanakiri,P553L,mono,mono,,other
7693,2016,Rattanakiri,C580Y,multi,mono,,KEL1/PLA1
7694,2016,Rattanakiri,WT,mono,mono,,other
7697,2016,Rattanakiri,C580Y,multi,mono,,KEL1/PLA1
7698,2016,Rattanakiri,WT,mono,mono,,other
7699,2016,Rattanakiri,WT,mono,mono,,other
7712,2016,Rattanakiri,WT,mono,mono,,other
7718,2016,Rattanakiri,C580Y,multi,multi,,KEL1/PLA1
7721,2016,Rattanakiri,C580Y,multi,multi,,KEL1/PLA1
7724,2016,Rattanakiri,C580Y,multi,mono,,KEL1/PLA1
7726,2016,Rattanakiri,WT,mono,multi,,other
7735,2016,Stung Treng,C580Y,multi,mono,,KEL1/PLA1
7736,2016,Rattanakiri,C580Y,multi,mono,,KEL1/PLA1
7739,2016,Rattanakiri,C580Y,mono,mono,,other
7745,2016,Stung Treng,WT,mono,mono,sensible,other
7746,2016,Rattanakiri,C580Y,multi,mono,,KEL1/PLA1
7749,2016,Rattanakiri,C580Y,multi,mono,,KEL1/PLA1
7750,2016,Stung Treng,C580Y,multi,multi,,KEL1/PLA1
7753,2016,Stung Treng,C580Y,mono,mono,mutant,other
7756,2016,Rattanakiri,C580Y,multi,mono,,KEL1/PLA1
7759,2016,Stung Treng,C580Y,mono,mono,,other
7762,2016,Rattanakiri,C580Y,mono,mono,,other
7764,2016,Rattanakiri,C580Y,multi,mono,,KEL1/PLA1
7766,2016,Rattanakiri,WT,mono,mono,,other
7770,2016,Rattanakiri,C580Y,multi,mono,,KEL1/PLA1
7771,2016,Rattanakiri,WT,mono,mono,,other
7773,2016,Stung Treng,C580Y,multi,mono,,KEL1/PLA1
7774,2016,Stung Treng,C580Y,multi,mono,,KEL1/PLA1
7775,2016,Rattanakiri,WT,mono,mono,,other
7776,2016,Rattanakiri,WT,mono,mono,,other
7777,2016,Rattanakiri,C580Y,multi,mono,,KEL1/PLA1
7779,2016,Rattanakiri,WT,multi,mono,,other
7781,2016,Stung Treng,C580Y,multi,mono,,KEL1/PLA1
7782,2016,Stung Treng,R539T,multi,mono,sensible,other
7783,2016,Rattanakiri,WT,mono,mono,,other
7784,2016,Rattanakiri,C580Y,multi,mono,,KEL1/PLA1
7789,2016,Stung Treng,C580Y,multi,mono,,KEL1/PLA1
7792,2016,Rattanakiri,C580Y,multi,mono,,KEL1/PLA1
7797,2016,Stung Treng,C580Y,multi,mono,mutant,KEL1/PLA1
7798,2016,Stung Treng,WT,mono,mono,,other
7803,2016,Rattanakiri,C580Y,mono,mono,,other
7811,2016,Stung Treng,C580Y,multi,mono,,KEL1/PLA1
7813,2016,Stung Treng,C580Y,multi,mono,mutant,KEL1/PLA1
7814,2016,Stung Treng,C580Y,multi,mono,mutant,KEL1/PLA1
7824,2016,Rattanakiri,C580Y,multi,mono,,KEL1/PLA1
7830,2016,Stung Treng,C580Y,multi,multi,,KEL1/PLA1
7837,2016,Stung Treng,C580Y,multi,mono,,KEL1/PLA1
7838,2016,Stung Treng,WT,multi,mono,sensible,other
7841,2016,Stung Treng,C580Y,multi,mono,sensible,KEL1/PLA1
7842,2016,Stung Treng,WT,mono,mono,,other
7844,2016,Stung Treng,C580Y,multi,mono,,KEL1/PLA1
7845,2016,Stung Treng,WT,mono,mono,,other
7846,2016,Stung Treng,C580Y,mono,mono,,other
7851,2016,Stung Treng,C580Y,multi,mono,,KEL1/PLA1
7856,2016,Stung Treng,C580Y,multi,multi,,KEL1/PLA1
7860,2016,Stung Treng,C580Y,multi,mono,mutant,KEL1/PLA1
7861,2016,Stung Treng,WT,mono,mono,,other
7862,2016,Stung Treng,C580Y,mono,mono,,other
7869,2016,Stung Treng,C580Y,multi,mono,,KEL1/PLA1
7870,2016,Stung Treng,WT,mono,mono,,other
7872,2016,Stung Treng,C580Y,multi,mono,,KEL1/PLA1
7874,2016,Stung Treng,WT,mono,mono,,other
7877,2016,Stung Treng,C580Y,multi,mono,,KEL1/PLA1
7885,2016,Mondolkiri,C580Y,mono,mono,sensible,other
8209,2017,Stung Treng,R539T,mono,mono,sensible,other
8210,2017,Kampong Speu,C580Y,multi,mono,mutant,KEL1/PLA1
8219,2017,Stung Treng,C580Y,mono,mono,mutant,other
8221,2017,Stung Treng,WT,multi,mono,mutant,other
8222,2017,Kampong Speu,C580Y,multi,mono,mutant,KEL1/PLA1
8225,2017,Kampong Speu,C580Y,multi,mono,mutant,KEL1/PLA1
8226,2017,Kampong Speu,C580Y,multi,mono,mutant,KEL1/PLA1
8227,2017,Kampong Speu,C580Y,multi,mono,mutant,KEL1/PLA1
8228,2017,Kampong Speu,C580Y,multi,mono,mutant,KEL1/PLA1
8236,2017,Kampong Speu,C580Y,multi,mono,sensible,KEL1/PLA1
8237,2017,Kampong Speu,Y493H,multi,multi,mutant,other
8241,2017,Stung Treng,R539T,mono,mono,sensible,other
8249,2017,Stung Treng,WT,multi,mono,sensible,other
8250,2017,Kampong Speu,C580Y,multi,mono,mutant,KEL1/PLA1
8251,2017,Kampong Speu,C580Y,multi,mono,mutant,KEL1/PLA1
8253,2017,Stung Treng,C580Y,multi,mono,mutant,KEL1/PLA1
8261,2017,Kampong Speu,C580Y,mono,mono,mutant,other
8264,2017,Stung Treng,WT,multi,mono,mutant,other
8266,2017,Pursat,C580Y,mono,mono,sensible,other
8267,2017,Pursat,C580Y,mono,mono,sensible,other
8268,2017,Stung Treng,WT,multi,mono,sensible,other
8269,2017,Kampong Speu,C580Y,multi,multi,mutant,KEL1/PLA1
8270,2017,Kampong Speu,C580Y,mono,mono,mutant,other
8271,2017,Pursat,C580Y,multi,mono,mutant,KEL1/PLA1
8272,2017,Pursat,C580Y,multi,mono,mutant,KEL1/PLA1
8282,2017,Stung Treng,C580Y,multi,mono,sensible,KEL1/PLA1
8283,2017,Kampong Speu,C580Y,mono,mono,sensible,other
8284,2017,Kampong Speu,Y493H,mono,mono,sensible,other
8285,2017,Pursat,C580Y,multi,mono,mutant,KEL1/PLA1
8286,2017,Pursat,C580Y,multi,mono,mutant,KEL1/PLA1
8290,2017,Stung Treng,C580Y,multi,mono,sensible,KEL1/PLA1
8291,2017,Stung Treng,C580Y,mono,multi,sensible,other
8296,2017,Kampong Speu,C580Y,multi,mono,mutant,KEL1/PLA1
8297,2017,Stung Treng,C580Y,multi,mono,mutant,KEL1/PLA1
8298,2017,Kampong Speu,Y493H,mono,mono,mutant,other
8299,2017,Kampong Speu,C580Y,multi,mono,mutant,KEL1/PLA1
8300,2017,Pursat,C580Y,multi,mono,mutant,KEL1/PLA1
8305,2017,Stung Treng,C580Y,multi,mono,mutant,KEL1/PLA1
8306,2017,Kampong Speu,Y493H,multi,mono,mutant,other
8307,2017,Kampong Speu,C580Y,multi,mono,mutant,KEL1/PLA1
8308,2017,Pursat,C580Y,multi,mono,mutant,KEL1/PLA1
8309,2017,Pursat,C580Y,multi,mono,mutant,KEL1/PLA1
8310,2017,Pursat,C580Y,multi,mono,mutant,KEL1/PLA1
8311,2017,Pursat,C580Y,multi,mono,mutant,KEL1/PLA1
8312,2017,Pursat,C580Y,multi,mono,mutant,KEL1/PLA1
8313,2017,Stung Treng,WT,mono,mono,,other
8316,2017,Pursat,C580Y,multi,mono,mutant,KEL1/PLA1
8317,2017,Stung Treng,C580Y,mono,mono,sensible,other
8319,2017,Kampong Speu,Y493H,multi,mono,mutant,other
8325,2017,Pursat,C580Y,multi,mono,mutant,KEL1/PLA1
8326,2017,Kampong Speu,Y493H,mono,mono,mutant,other
8327,2017,Kampong Speu,C580Y,multi,mono,mutant,KEL1/PLA1
8329,2017,Kampong Speu,C580Y,multi,mono,mutant,KEL1/PLA1
8337,2017,Kampong Speu,C580Y,multi,mono,mutant,KEL1/PLA1
8338,2017,Kampong Speu,C580Y,multi,mono,mutant,KEL1/PLA1
8339,2017,Kampong Speu,C580Y,multi,mono,mutant,KEL1/PLA1
8340,2017,Kampong Speu,C580Y,multi,mono,mutant,KEL1/PLA1
8341,2017,Kampong Speu,Y493H,mono,mono,,other
8342,2017,Stung Treng,WT,mono,mono,,other
8343,2017,Stung Treng,WT,mono,mono,,other
8351,2017,Stung Treng,C580Y,mono,mono,,other
8355,2017,Kampong Speu,C580Y,mono,multi,sensible,other
8356,2017,Pursat,C580Y,multi,mono,,KEL1/PLA1
8359,2017,Stung Treng,C580Y,multi,mono,,KEL1/PLA1
8361,2017,Stung Treng,WT,mono,mono,,other
8362,2017,Kampong Speu,C580Y,multi,mono,,KEL1/PLA1
8363,2017,Kampong Speu,C580Y,multi,mono,,KEL1/PLA1
8366,2017,Stung Treng,WT,mono,mono,,other
8367,2017,Kampong Speu,C580Y,multi,mono,,KEL1/PLA1
8369,2017,Stung Treng,WT,mono,mono,,other
8370,2017,Stung Treng,C580Y,mono,mono,,other
8371,2017,Stung Treng,WT,mono,mono,,other
8372,2017,Stung Treng,WT,mono,mono,,other
8373,2017,Pursat,C580Y,multi,mono,,KEL1/PLA1
8374,2017,Pursat,C580Y,mono,mono,,other
8382,2017,Kampong Speu,Y493H,mono,mono,,other
8384,2017,Pursat,C580Y,mono,mono,,other
8385,2017,Stung Treng,C580Y,multi,mono,,KEL1/PLA1
8386,2017,Kampong Speu,C580Y,multi,mono,,KEL1/PLA1
8388,2017,Kampong Speu,C580Y,multi,mono,,KEL1/PLA1
8389,2017,Kampong Speu,C580Y,mono,mono,,other
8390,2017,Kampong Speu,C580Y,multi,mono,,KEL1/PLA1
8391,2017,Kampong Speu,Y493H,mono,mono,,other
8394,2017,Pursat,C580Y,mono,mono,,other
8397,2017,Stung Treng,C580Y,mono,mono,,other
8398,2017,Pursat,C580Y,mono,mono,,other
8399,2017,Pursat,C580Y,mono,mono,,other
8400,2017,Stung Treng,WT,mono,mono,,other
8406,2017,Stung Treng,C580Y,multi,mono,,KEL1/PLA1
8407,2017,Stung Treng,C580Y,multi,mono,,KEL1/PLA1
8410,2017,Kampong Speu,C580Y,multi,mono,,KEL1/PLA1
8416,2017,Stung Treng,C580Y,mono,mono,,other
8417,2017,Stung Treng,C580Y,multi,mono,,KEL1/PLA1
8421,2017,Kampong Speu,C580Y,multi,mono,,KEL1/PLA1
8422,2017,Pursat,C580Y,mono,mono,,other
8423,2017,Pursat,C580Y,mono,mono,,other
8424,2017,Pursat,C580Y,multi,mono,,KEL1/PLA1
8433,2017,Stung Treng,WT,mono,mono,,other
8434,2017,Stung Treng,WT,mono,mono,,other
8435,2017,Pursat,C580Y,multi,mono,,KEL1/PLA1
8439,2017,Pursat,C580Y,mono,mono,,other
8440,2017,Kampong Speu,C580Y,multi,mono,,KEL1/PLA1
8441,2017,Stung Treng,C580Y,mono,mono,,other
8443,2017,Pursat,C580Y,mono,mono,,other
8446,2017,Pursat,C580Y,multi,multi,,KEL1/PLA1
8447,2017,Pursat,C580Y,multi,multi,,KEL1/PLA1
8456,2017,Stung Treng,C580Y,multi,multi,,KEL1/PLA1
8460,2017,Pursat,C580Y,multi,multi,,KEL1/PLA1
8464,2017,Pursat,WT,mono,mono,,other
8465,2017,Stung Treng,C580Y,multi,multi,,KEL1/PLA1
8466,2017,Stung Treng,C580Y,multi,mono,,KEL1/PLA1
8472,2017,Pursat,C580Y,multi,mono,,KEL1/PLA1
8476,2017,Stung Treng,WT,mono,mono,,other
8477,2017,Pursat,C580Y,mono,multi,,other
8490,2017,Kampong Speu,C580Y,multi,mono,,KEL1/PLA1
8491,2017,Stung Treng,WT,mono,mono,,other
8492,2017,Stung Treng,C580Y,multi,mono,,KEL1/PLA1
8493,2017,Stung Treng,C580Y,multi,mono,,KEL1/PLA1
8501,2017,Kampong Speu,C580Y,multi,mono,mutant,KEL1/PLA1
8502,2017,Stung Treng,WT,mono,mono,,other
8503,2017,Stung Treng,C580Y,mono,mono,,other
8504,2017,Stung Treng,C580Y,mono,mono,,other
8506,2017,Pursat,C580Y,mono,mono,sensible,other
8515,2017,Kampong Speu,Y493H,multi,mono,mutant,other
8516,2017,Pursat,C580Y,multi,mono,mutant,KEL1/PLA1
8517,2017,Pursat,C580Y,multi,mono,mutant,KEL1/PLA1
8518,2017,Pursat,C580Y,mono,mono,mutant,other
8524,2017,Stung Treng,WT,mono,mono,sensible,other
8525,2017,Pursat,C580Y,multi,mono,sensible,KEL1/PLA1
8538,2017,Stung Treng,C580Y,multi,mono,mutant,KEL1/PLA1
8167,2017,Mondolkiri,C580Y,multi,multi,sensible,KEL1/PLA1
8168,2017,Rattanakiri,C580Y,multi,mono,sensible,KEL1/PLA1
8172,2017,Mondolkiri,C580Y,multi,mono,sensible,KEL1/PLA1
8173,2017,Mondolkiri,C580Y,multi,mono,mutant,KEL1/PLA1
8174,2017,Mondolkiri,C580Y,mono,mono,sensible,other
8175,2017,Mondolkiri,C580Y,multi,mono,mutant,KEL1/PLA1
8176,2017,Rattanakiri,C580Y,multi,mono,mutant,KEL1/PLA1
8177,2017,Mondolkiri,WT,multi,mono,mutant,other
8178,2017,Rattanakiri,C580Y,multi,mono,mutant,KEL1/PLA1
8183,2017,Mondolkiri,C580Y,multi,mono,mutant,KEL1/PLA1
8184,2017,Mondolkiri,C580Y,multi,mono,mutant,KEL1/PLA1
8185,2017,Mondolkiri,C580Y,multi,mono,sensible,KEL1/PLA1
8186,2017,Mondolkiri,C580Y,mono,mono,sensible,other
8187,2017,Rattanakiri,C580Y,multi,mono,mutant,KEL1/PLA1
8188,2017,Rattanakiri,C580Y,multi,mono,sensible,KEL1/PLA1
8189,2017,Rattanakiri,C580Y,multi,mono,mutant,KEL1/PLA1
8192,2017,Rattanakiri,C580Y,multi,mono,mutant,KEL1/PLA1
8193,2017,Rattanakiri,C580Y,mono,mono,sensible,other
8194,2017,Mondolkiri,C580Y,multi,mono,sensible,KEL1/PLA1
8195,2017,Mondolkiri,C580Y,multi,mono,mutant,KEL1/PLA1
8196,2017,Mondolkiri,C580Y,multi,mono,mutant,KEL1/PLA1
8197,2017,Mondolkiri,C580Y,multi,mono,mutant,KEL1/PLA1
8198,2017,Mondolkiri,WT,multi,mono,mutant,other
8207,2017,Rattanakiri,C580Y,multi,mono,mutant,KEL1/PLA1
8208,2017,Rattanakiri,C580Y,mono,mono,mutant,other
8211,2017,Mondolkiri,C580Y,multi,mono,mutant,KEL1/PLA1
8212,2017,Mondolkiri,C580Y,multi,mono,mutant,KEL1/PLA1
8213,2017,Mondolkiri,C580Y,mono,mono,mutant,other
8214,2017,Mondolkiri,C580Y,multi,mono,sensible,KEL1/PLA1
8215,2017,Mondolkiri,C580Y,mono,mono,sensible,other
8216,2017,Mondolkiri,WT,mono,mono,sensible,other
8217,2017,Rattanakiri,WT,mono,mono,sensible,other
8218,2017,Rattanakiri,C580Y,multi,mono,sensible,KEL1/PLA1
8220,2017,Mondolkiri,C580Y,multi,mono,sensible,KEL1/PLA1
8223,2017,Rattanakiri,C580Y,multi,mono,mutant,KEL1/PLA1
8224,2017,Rattanakiri,C580Y,multi,multi,sensible,KEL1/PLA1
8231,2017,Rattanakiri,C580Y,multi,mono,mutant,KEL1/PLA1
8232,2017,Rattanakiri,C580Y,multi,mono,sensible,KEL1/PLA1
8233,2017,Rattanakiri,C580Y,multi,mono,mutant,KEL1/PLA1
8234,2017,Rattanakiri,C580Y,multi,mono,mutant,KEL1/PLA1
8235,2017,Rattanakiri,C580Y,multi,mono,mutant,KEL1/PLA1
8238,2017,Mondolkiri,C580Y,multi,mono,mutant,KEL1/PLA1
8239,2017,Mondolkiri,C580Y,multi,mono,mutant,KEL1/PLA1
8240,2017,Mondolkiri,C580Y,mono,mono,mutant,other
8242,2017,Rattanakiri,C580Y,multi,mono,mutant,KEL1/PLA1
8243,2017,Rattanakiri,C580Y,multi,mono,mutant,KEL1/PLA1
8246,2017,Mondolkiri,C580Y,multi,mono,mutant,KEL1/PLA1
8247,2017,Mondolkiri,C580Y,mono,mono,mutant,other
8248,2017,Mondolkiri,C580Y,multi,mono,mutant,KEL1/PLA1
8252,2017,Mondolkiri,C580Y,mono,mono,sensible,other
8260,2017,Rattanakiri,C580Y,multi,mono,mutant,KEL1/PLA1
8262,2017,Rattanakiri,C580Y,multi,mono,sensible,KEL1/PLA1
8263,2017,Rattanakiri,C580Y,multi,mono,mutant,KEL1/PLA1
8265,2017,Rattanakiri,C580Y,multi,mono,mutant,KEL1/PLA1
8273,2017,Mondolkiri,C580Y,multi,mono,mutant,KEL1/PLA1
8274,2017,Rattanakiri,C580Y,mono,mono,sensible,other
8275,2017,Rattanakiri,WT,mono,mono,sensible,other
8276,2017,Rattanakiri,C580Y,multi,mono,mutant,KEL1/PLA1
8277,2017,Rattanakiri,WT,mono,mono,sensible,other
8278,2017,Rattanakiri,C580Y,multi,mono,sensible,KEL1/PLA1
8279,2017,Rattanakiri,C580Y,multi,mono,mutant,KEL1/PLA1
8280,2017,Rattanakiri,WT,mono,mono,sensible,other
8281,2017,Rattanakiri,C580Y,mono,mono,sensible,other
8287,2017,Mondolkiri,C580Y,mono,mono,sensible,other
8288,2017,Mondolkiri,C580Y,multi,mono,mutant,KEL1/PLA1
8289,2017,Rattanakiri,WT,multi,mono,sensible,other
8295,2017,Rattanakiri,WT,mono,mono,,other
8314,2017,Rattanakiri,C580Y,multi,mono,sensible,KEL1/PLA1
8315,2017,Rattanakiri,C580Y,multi,mono,sensible,KEL1/PLA1
8318,2017,Mondolkiri,C580Y,multi,mono,mutant,KEL1/PLA1
8324,2017,Mondolkiri,WT,multi,mono,sensible,other
8328,2017,Mondolkiri,C580Y,mono,mono,mutant,other
8330,2017,Mondolkiri,C580Y,mono,mono,mutant,other
8331,2017,Mondolkiri,WT,multi,mono,mutant,other
8349,2017,Mondolkiri,C580Y,multi,mono,,KEL1/PLA1
8350,2017,Mondolkiri,C580Y,mono,mono,,other
8353,2017,Rattanakiri,C580Y,multi,mono,,KEL1/PLA1
8360,2017,Mondolkiri,WT,mono,mono,,other
8364,2017,Mondolkiri,WT,multi,mono,,other
8365,2017,Mondolkiri,WT,mono,mono,,other
8368,2017,Rattanakiri,WT,mono,mono,,other
8375,2017,Mondolkiri,C580Y,mono,mono,sensible,other
8377,2017,Rattanakiri,C580Y,multi,mono,,KEL1/PLA1
8378,2017,Rattanakiri,WT,mono,mono,,other
8379,2017,Rattanakiri,C580Y,multi,mono,,KEL1/PLA1
8380,2017,Rattanakiri,C580Y,multi,mono,,KEL1/PLA1
8381,2017,Mondolkiri,C580Y,multi,mono,,KEL1/PLA1
8383,2017,Mondolkiri,C580Y,multi,mono,,KEL1/PLA1
8387,2017,Mondolkiri,WT,mono,mono,,other
8395,2017,Mondolkiri,WT,mono,mono,,other
8396,2017,Mondolkiri,C580Y,multi,mono,,KEL1/PLA1
8401,2017,Rattanakiri,WT,mono,mono,,other
8405,2017,Mondolkiri,C580Y,mono,mono,,other
8408,2017,Rattanakiri,WT,mono,mono,,other
8409,2017,Rattanakiri,WT,mono,mono,,other
8413,2017,Rattanakiri,C580Y,multi,mono,,KEL1/PLA1
8414,2017,Rattanakiri,WT,multi,mono,,other
8415,2017,Rattanakiri,C580Y,multi,mono,,KEL1/PLA1
8425,2017,Mondolkiri,WT,mono,mono,,other
8432,2017,Mondolkiri,C580Y,mono,mono,,other
8444,2017,Rattanakiri,C580Y,multi,mono,,KEL1/PLA1
8445,2017,Rattanakiri,C580Y,multi,mono,,KEL1/PLA1
8448,2017,Mondolkiri,WT,multi,multi,,other
8449,2017,Mondolkiri,C580Y,mono,mono,,other
8453,2017,Rattanakiri,C580Y,multi,mono,,KEL1/PLA1
8454,2017,Rattanakiri,C580Y,multi,mono,,KEL1/PLA1
8461,2017,Mondolkiri,C580Y,mono,multi,sensible,other
8462,2017,Rattanakiri,WT,mono,multi,,other
8463,2017,Rattanakiri,C580Y,multi,mono,,KEL1/PLA1
8467,2017,Rattanakiri,C580Y,multi,mono,,KEL1/PLA1
8473,2017,Rattanakiri,C580Y,multi,mono,,KEL1/PLA1
8474,2017,Mondolkiri,WT,mono,mono,,other
8475,2017,Mondolkiri,C580Y,mono,multi,,other
8494,2017,Mondolkiri,C580Y,multi,mono,,KEL1/PLA1
8532,2017,Mondolkiri,C580Y,mono,mono,mutant,other
8533,2017,Rattanakiri,WT,mono,mono,sensible,other
A001039,2017,Rattanakiri,C580Y,multi,mono,,KEL1/PLA1
A001040,2017,Rattanakiri,C580Y,multi,mono,,KEL1/PLA1
A001041,2017,Rattanakiri,WT,multi,mono,,other
A001042,2017,Rattanakiri,C580Y,multi,mono,,KEL1/PLA1
A001043,2017,Rattanakiri,C580Y,multi,mono,,KEL1/PLA1
A001044,2017,Rattanakiri,C580Y,multi,mono,,KEL1/PLA1
A001045,2017,Rattanakiri,C580Y,multi,mono,,KEL1/PLA1
A001046,2017,Rattanakiri,C580Y,multi,mono,,KEL1/PLA1
A001047,2017,Rattanakiri,C580Y,multi,mono,,KEL1/PLA1
A001048,2017,Rattanakiri,WT,multi,mono,,other
A017471,2017,Rattanakiri,C580Y,multi,mono,,KEL1/PLA1
A017472,2017,Rattanakiri,C580Y,multi,multi,,KEL1/PLA1
A017473,2017,Rattanakiri,WT,multi,multi,,other
A017474,2017,Rattanakiri,C580Y,multi,mono,,KEL1/PLA1
A017476,2017,Rattanakiri,C580Y,multi,mono,,KEL1/PLA1
A017477,2017,Rattanakiri,WT,multi,multi,,other
A017478,2017,Rattanakiri,WT,mono,mono,,other
A017479,2017,Rattanakiri,C580Y,multi,mono,,KEL1/PLA1
A017480,2017,Rattanakiri,C580Y,multi,mono,,KEL1/PLA1
A017481,2017,Rattanakiri,C580Y,multi,mono,,KEL1/PLA1
A017482,2017,Rattanakiri,WT,mono,multi,,other
A017483,2017,Rattanakiri,WT,multi,multi,,other
A017484,2017,Rattanakiri,WT,mono,mono,,other
A017485,2017,Rattanakiri,WT,mono,multi,,other
A017486,2017,Rattanakiri,C580Y,multi,mono,,KEL1/PLA1
A017487,2017,Rattanakiri,C580Y,mono,mono,,other
A017488,2017,Rattanakiri,C580Y,multi,mono,,KEL1/PLA1
A017489,2017,Rattanakiri,C580Y,multi,mono,,KEL1/PLA1
A017490,2017,Rattanakiri,C580Y,multi,mono,,KEL1/PLA1
A017511,2017,Rattanakiri,C580Y,multi,mono,,KEL1/PLA1
A017512,2017,Rattanakiri,C580Y,multi,mono,,KEL1/PLA1
A017513,2017,Rattanakiri,C580Y,multi,mono,,KEL1/PLA1
A017514,2017,Rattanakiri,C580Y,multi,mono,,KEL1/PLA1
A017515,2017,Rattanakiri,C580Y,multi,mono,,KEL1/PLA1
A017516,2017,Rattanakiri,C580Y,multi,mono,,KEL1/PLA1
A017517,2017,Rattanakiri,C580Y,multi,mono,,KEL1/PLA1
A017518,2017,Rattanakiri,C580Y,multi,multi,,KEL1/PLA1
A017519,2017,Rattanakiri,C580Y,multi,mono,,KEL1/PLA1
A017520,2017,Rattanakiri,C580Y,multi,mono,,KEL1/PLA1
A017531,2017,Rattanakiri,WT,multi,multi,,other
A017532,2017,Rattanakiri,WT,multi,mono,,other
A017533,2017,Rattanakiri,WT,multi,mono,,other
A017571,2017,Rattanakiri,C580Y,mono,mono,,other
A017572,2017,Rattanakiri,C580Y,multi,mono,,KEL1/PLA1
A017573,2017,Rattanakiri,C580Y,multi,multi,,KEL1/PLA1
A017574,2017,Rattanakiri,C580Y,mono,multi,,other
A017575,2017,Rattanakiri,C580Y,multi,mono,,KEL1/PLA1
A017577,2017,Rattanakiri,WT,mono,multi,,other
A017579,2017,Rattanakiri,C580Y,multi,multi,,KEL1/PLA1
A017580,2017,Rattanakiri,WT,mono,mono,,other
A017581,2017,Rattanakiri,C580Y,multi,mono,,KEL1/PLA1
A017582,2017,Rattanakiri,C580Y,mono,mono,,other
A017583,2017,Rattanakiri,WT,multi,multi,,other
A017585,2017,Rattanakiri,C580Y,multi,mono,,KEL1/PLA1
A017586,2017,Rattanakiri,WT,mono,mono,,other
A017587,2017,Rattanakiri,C580Y,mono,mono,,other
A017588,2017,Rattanakiri,C580Y,mono,mono,,other
A017589,2017,Rattanakiri,C580Y,mono,mono,,other
A017590,2017,Rattanakiri,WT,mono,mono,,other
A017591,2017,Rattanakiri,WT,mono,multi,,other
A017592,2017,Rattanakiri,C580Y,mono,multi,,other
A017594,2017,Rattanakiri,WT,mono,mono,,other
A017621,2017,Rattanakiri,WT,mono,mono,,other
A017622,2017,Rattanakiri,C580Y,multi,mono,,KEL1/PLA1
A017623,2017,Rattanakiri,WT,mono,multi,,other
A017624,2017,Rattanakiri,WT,mono,mono,,other
A017625,2017,Rattanakiri,WT,mono,mono,,other
A017626,2017,Rattanakiri,C580Y,multi,mono,,KEL1/PLA1
A017672,2017,Mondolkiri,C580Y,mono,mono,,other
A017673,2017,Mondolkiri,C580Y,mono,mono,,other
A017675,2017,Mondolkiri,C580Y,multi,mono,,KEL1/PLA1
A017676,2017,Mondolkiri,C580Y,multi,mono,,KEL1/PLA1
A017677,2017,Mondolkiri,C580Y,multi,mono,,KEL1/PLA1
A017680,2017,Mondolkiri,C580Y,mono,mono,,other
A017681,2017,Mondolkiri,C580Y,multi,multi,,KEL1/PLA1
A017682,2017,Mondolkiri,C580Y,mono,mono,,other
A017683,2017,Mondolkiri,C580Y,multi,mono,,KEL1/PLA1
A017684,2017,Mondolkiri,C580Y,multi,mono,,KEL1/PLA1
A017685,2017,Mondolkiri,C580Y,multi,mono,,KEL1/PLA1
A017686,2017,Mondolkiri,C580Y,multi,mono,,KEL1/PLA1
A017687,2017,Mondolkiri,C580Y,multi,mono,,KEL1/PLA1
A017688,2017,Mondolkiri,C580Y,multi,mono,,KEL1/PLA1
A017689,2017,Mondolkiri,C580Y,multi,mono,,KEL1/PLA1
A017690,2017,Mondolkiri,C580Y,multi,mono,,KEL1/PLA1
A017691,2017,Mondolkiri,C580Y,multi,mono,,KEL1/PLA1
A017692,2017,Mondolkiri,WT,mono,mono,,other
A017693,2017,Mondolkiri,C580Y,multi,mono,,KEL1/PLA1
A017694,2017,Mondolkiri,C580Y,mono,mono,,other
A017695,2017,Mondolkiri,C580Y,multi,mono,,KEL1/PLA1
A017696,2017,Mondolkiri,C580Y,multi,mono,,KEL1/PLA1
A017697,2017,Mondolkiri,C580Y,multi,mono,,KEL1/PLA1
A017698,2017,Mondolkiri,C580Y,multi,mono,,KEL1/PLA1
A017699,2017,Mondolkiri,C580Y,multi,mono,,KEL1/PLA1
A017700,2017,Mondolkiri,C580Y,multi,mono,,KEL1/PLA1
A017702,2017,Mondolkiri,C580Y,multi,mono,,KEL1/PLA1
A017703,2017,Mondolkiri,C580Y,multi,mono,,KEL1/PLA1
A017704,2017,Mondolkiri,C580Y,multi,mono,,KEL1/PLA1
A017705,2017,Mondolkiri,C580Y,multi,mono,,KEL1/PLA1
A017708,2017,Mondolkiri,C580Y,multi,mono,,KEL1/PLA1
A017709,2017,Mondolkiri,C580Y,mono,multi,,other
A017710,2017,Mondolkiri,C580Y,mono,mono,,other
A017711,2017,Mondolkiri,C580Y,mono,mono,,other
A017712,2017,Mondolkiri,C580Y,mono,mono,,other
A017713,2017,Mondolkiri,C580Y,multi,mono,,KEL1/PLA1
A017714,2017,Mondolkiri,C580Y,multi,mono,,KEL1/PLA1
A017715,2017,Mondolkiri,C580Y,multi,mono,,KEL1/PLA1
A017716,2017,Mondolkiri,C580Y,multi,mono,,KEL1/PLA1
A017717,2017,Mondolkiri,C580Y,multi,mono,,KEL1/PLA1
A017718,2017,Mondolkiri,C580Y,multi,mono,,KEL1/PLA1
A017721,2017,Mondolkiri,C580Y,mono,multi,,other
A017722,2017,Mondolkiri,C580Y,multi,mono,,KEL1/PLA1
A017723,2017,Mondolkiri,C580Y,multi,mono,,KEL1/PLA1
A017724,2017,Mondolkiri,C580Y,multi,mono,,KEL1/PLA1
A017725,2017,Mondolkiri,C580Y,multi,mono,,KEL1/PLA1
A017726,2017,Mondolkiri,C580Y,multi,mono,,KEL1/PLA1
A017727,2017,Mondolkiri,C580Y,multi,mono,,KEL1/PLA1
A017728,2017,Mondolkiri,C580Y,multi,mono,,KEL1/PLA1
A017729,2017,Mondolkiri,C580Y,multi,mono,,KEL1/PLA1
A017730,2017,Mondolkiri,C580Y,multi,mono,,KEL1/PLA1
A017731,2017,Mondolkiri,C580Y,multi,mono,,KEL1/PLA1
A017732,2017,Mondolkiri,C580Y,multi,mono,,KEL1/PLA1
A017733,2017,Mondolkiri,C580Y,multi,mono,,KEL1/PLA1
A017734,2017,Mondolkiri,C580Y,multi,mono,,KEL1/PLA1
A017735,2017,Mondolkiri,C580Y,mono,multi,,other
A017736,2017,Mondolkiri,C580Y,multi,multi,,KEL1/PLA1
A017737,2017,Mondolkiri,C580Y,multi,mono,,KEL1/PLA1
A017738,2017,Mondolkiri,C580Y,multi,mono,,KEL1/PLA1
A017739,2017,Mondolkiri,WT,multi,mono,,other
A017740,2017,Mondolkiri,C580Y,multi,mono,,KEL1/PLA1
A017741,2017,Mondolkiri,WT,mono,mono,,other
A017742,2017,Mondolkiri,C580Y,mono,mono,,other
A017743,2017,Mondolkiri,C580Y,multi,mono,,KEL1/PLA1
A017744,2017,Mondolkiri,C580Y,mono,mono,,other
A017745,2017,Mondolkiri,C580Y,multi,mono,,KEL1/PLA1
A017746,2017,Mondolkiri,C580Y,multi,mono,,KEL1/PLA1
A017747,2017,Mondolkiri,WT,mono,mono,,other
A017748,2017,Mondolkiri,C580Y,mono,mono,,other
A017749,2017,Mondolkiri,C580Y,multi,mono,,KEL1/PLA1
A017750,2017,Mondolkiri,C580Y,multi,mono,,KEL1/PLA1
A017751,2017,Mondolkiri,C580Y,multi,multi,,KEL1/PLA1
A017752,2017,Mondolkiri,C580Y,multi,mono,,KEL1/PLA1
A017753,2017,Mondolkiri,WT,multi,mono,,other
A017771,2017,Mondolkiri,C580Y,multi,mono,,KEL1/PLA1
A017773,2017,Mondolkiri,C580Y,multi,mono,,KEL1/PLA1
A017774,2017,Mondolkiri,C580Y,mono,mono,,other
A017775,2017,Mondolkiri,C580Y,multi,mono,,KEL1/PLA1
A017777,2017,Mondolkiri,WT,mono,mono,,other
A017778,2017,Mondolkiri,WT,multi,mono,,other
A017779,2017,Mondolkiri,C580Y,multi,mono,,KEL1/PLA1
A017780,2017,Mondolkiri,C580Y,mono,mono,,other
A017781,2017,Mondolkiri,C580Y,mono,mono,,other
A017782,2017,Mondolkiri,WT,mono,mono,,other
A017783,2017,Mondolkiri,C580Y,multi,mono,,KEL1/PLA1
A017784,2017,Mondolkiri,C580Y,multi,mono,,KEL1/PLA1
A017785,2017,Mondolkiri,WT,mono,mono,,other
A017787,2017,Mondolkiri,C580Y,multi,mono,,KEL1/PLA1
A017788,2017,Mondolkiri,C580Y,multi,multi,,KEL1/PLA1
A017789,2017,Mondolkiri,C580Y,multi,mono,,KEL1/PLA1
A017790,2017,Mondolkiri,C580Y,multi,mono,,KEL1/PLA1
A017791,2017,Mondolkiri,C580Y,multi,mono,,KEL1/PLA1
A017793,2017,Mondolkiri,WT,multi,mono,,other
A017794,2017,Mondolkiri,WT,mono,mono,,other
A017795,2017,Mondolkiri,C580Y,multi,mono,,KEL1/PLA1
A017796,2017,Mondolkiri,C580Y,multi,mono,,KEL1/PLA1
A017797,2017,Mondolkiri,C580Y,multi,multi,,KEL1/PLA1
A017798,2017,Mondolkiri,C580Y,mono,mono,,other
A017799,2017,Mondolkiri,C580Y,multi,multi,,KEL1/PLA1
A017800,2017,Mondolkiri,WT,mono,mono,,other
A017801,2017,Mondolkiri,C580Y,multi,mono,,KEL1/PLA1
A017802,2017,Mondolkiri,C580Y,multi,mono,,KEL1/PLA1
A017803,2017,Mondolkiri,C580Y,mono,mono,,other
A017804,2017,Mondolkiri,C580Y,multi,mono,,KEL1/PLA1
A017805,2017,Mondolkiri,C580Y,multi,mono,,KEL1/PLA1
A017806,2017,Mondolkiri,C580Y,multi,mono,,KEL1/PLA1
A017807,2017,Mondolkiri,C580Y,multi,mono,,KEL1/PLA1
A017808,2017,Mondolkiri,C580Y,multi,mono,,KEL1/PLA1
A017809,2017,Mondolkiri,C580Y,multi,mono,,KEL1/PLA1
A017810,2017,Mondolkiri,C580Y,multi,mono,,KEL1/PLA1
A017811,2017,Mondolkiri,C580Y,multi,mono,,KEL1/PLA1
A017812,2017,Mondolkiri,C580Y,multi,mono,,KEL1/PLA1
A017813,2017,Mondolkiri,C580Y,multi,multi,,KEL1/PLA1
A017814,2017,Mondolkiri,C580Y,mono,mono,,other
A017815,2017,Mondolkiri,C580Y,mono,mono,,other
A017816,2017,Mondolkiri,C580Y,mono,mono,,other
A017817,2017,Mondolkiri,C580Y,multi,mono,,KEL1/PLA1
A017818,2017,Mondolkiri,C580Y,mono,mono,,other
A017819,2017,Mondolkiri,C580Y,multi,mono,,KEL1/PLA1
A017820,2017,Mondolkiri,WT,mono,mono,,other
A017831,2017,Mondolkiri,C580Y,multi,multi,,KEL1/PLA1
A017832,2017,Mondolkiri,C580Y,multi,mono,,KEL1/PLA1
A017833,2017,Mondolkiri,C580Y,multi,mono,,KEL1/PLA1
A017834,2017,Mondolkiri,C580Y,multi,mono,,KEL1/PLA1
A017835,2017,Mondolkiri,C580Y,multi,mono,,KEL1/PLA1
A017836,2017,Mondolkiri,C580Y,multi,mono,,KEL1/PLA1
A017837,2017,Mondolkiri,C580Y,multi,mono,,KEL1/PLA1
A017838,2017,Mondolkiri,C580Y,multi,mono,,KEL1/PLA1
A017839,2017,Mondolkiri,C580Y,multi,mono,,KEL1/PLA1
A017840,2017,Mondolkiri,C580Y,multi,mono,,KEL1/PLA1
A017842,2017,Mondolkiri,C580Y,multi,mono,,KEL1/PLA1
A017844,2017,Mondolkiri,WT,multi,mono,,other
A017845,2017,Mondolkiri,C580Y,multi,mono,,KEL1/PLA1
A017846,2017,Mondolkiri,C580Y,mono,mono,,other
A017847,2017,Mondolkiri,WT,mono,mono,,other
A017848,2017,Mondolkiri,C580Y,multi,multi,,KEL1/PLA1
A017850,2017,Mondolkiri,C580Y,multi,multi,,KEL1/PLA1
A017851,2017,Mondolkiri,C580Y,multi,mono,,KEL1/PLA1
A017852,2017,Mondolkiri,C580Y,multi,mono,,KEL1/PLA1
A017853,2017,Mondolkiri,C580Y,multi,mono,,KEL1/PLA1
A017854,2017,Mondolkiri,C580Y,multi,mono,,KEL1/PLA1
A017855,2017,Mondolkiri,C580Y,mono,mono,,other
A017856,2017,Mondolkiri,C580Y,multi,mono,,KEL1/PLA1
A017857,2017,Mondolkiri,R539T,mono,mono,,other
A017858,2017,Mondolkiri,C580Y,multi,mono,,KEL1/PLA1
A017871,2017,Kampong Cham,C580Y,multi,mono,,KEL1/PLA1
A017872,2017,Kampong Cham,C580Y,multi,mono,,KEL1/PLA1
A017873,2017,Kampong Cham,C580Y,multi,mono,,KEL1/PLA1
A017874,2017,Kampong Cham,C580Y,multi,mono,,KEL1/PLA1
A017875,2017,Kampong Cham,C580Y,multi,mono,,KEL1/PLA1
A017877,2017,Kampong Cham,C580Y,multi,mono,,KEL1/PLA1
A017878,2017,Kampong Cham,C580Y,multi,mono,,KEL1/PLA1
A017879,2017,Kampong Cham,C580Y,multi,mono,,KEL1/PLA1
A017880,2017,Kampong Cham,C580Y,multi,mono,,KEL1/PLA1
A017881,2017,Kampong Cham,C580Y,multi,mono,,KEL1/PLA1
A017882,2017,Kampong Cham,C580Y,multi,mono,,KEL1/PLA1
A017883,2017,Kampong Cham,C580Y,multi,mono,,KEL1/PLA1
A017884,2017,Kampong Cham,C580Y,multi,multi,,KEL1/PLA1
A017885,2017,Kampong Cham,C580Y,multi,mono,,KEL1/PLA1
A017886,2017,Kampong Cham,C580Y,multi,mono,,KEL1/PLA1
A017887,2017,Kampong Cham,C580Y,multi,multi,,KEL1/PLA1
A017888,2017,Kampong Cham,C580Y,multi,mono,,KEL1/PLA1
A017889,2017,Kampong Cham,C580Y,multi,mono,,KEL1/PLA1
A017890,2017,Kampong Cham,C580Y,mono,mono,,other
A017891,2017,Kampong Cham,C580Y,multi,mono,,KEL1/PLA1
A017892,2017,Kampong Cham,C580Y,multi,mono,,KEL1/PLA1
A017893,2017,Kampong Cham,C580Y,multi,mono,,KEL1/PLA1
A017894,2017,Kampong Cham,C580Y,multi,mono,,KEL1/PLA1
A017895,2017,Kampong Cham,C580Y,multi,mono,,KEL1/PLA1
A017896,2017,Kampong Cham,C580Y,multi,mono,,KEL1/PLA1
A017897,2017,Kampong Cham,C580Y,multi,mono,,KEL1/PLA1
A017898,2017,Kampong Cham,C580Y,multi,mono,,KEL1/PLA1
A017899,2017,Kampong Cham,C580Y,multi,multi,,KEL1/PLA1
A017900,2017,Kampong Cham,C580Y,multi,mono,,KEL1/PLA1
A017901,2017,Kampong Cham,C580Y,multi,mono,,KEL1/PLA1
A017902,2017,Kampong Cham,C580Y,multi,mono,,KEL1/PLA1
A017903,2017,Kampong Cham,WT,mono,mono,,other
A017904,2017,Kampong Cham,C580Y,mono,mono,,other
A017905,2017,Kampong Cham,C580Y,multi,mono,,KEL1/PLA1
A017906,2017,Kampong Cham,C580Y,multi,mono,,KEL1/PLA1
A017907,2017,Kampong Cham,C580Y,multi,mono,,KEL1/PLA1
A017908,2017,Kampong Cham,C580Y,multi,mono,,KEL1/PLA1
A017909,2017,Kampong Cham,C580Y,mono,mono,,other
A017910,2017,Kampong Cham,C580Y,multi,mono,,KEL1/PLA1
A017911,2017,Kampong Cham,WT,mono,mono,,other
A017912,2017,Kampong Cham,C580Y,multi,mono,,KEL1/PLA1
A017913,2017,Kampong Cham,C580Y,multi,mono,,KEL1/PLA1
A017914,2017,Kampong Cham,C580Y,multi,mono,,KEL1/PLA1
A017915,2017,Kampong Cham,C580Y,multi,mono,,KEL1/PLA1
A017916,2017,Kampong Cham,C580Y,multi,mono,,KEL1/PLA1
A017917,2017,Kampong Cham,C580Y,multi,mono,,KEL1/PLA1
A017918,2017,Kampong Cham,C580Y,multi,mono,,KEL1/PLA1
A017919,2017,Kampong Cham,C580Y,multi,mono,,KEL1/PLA1
A017920,2017,Kampong Cham,C580Y,multi,mono,,KEL1/PLA1
A017921,2017,Stung Treng,C580Y,multi,mono,,KEL1/PLA1
A017922,2017,Stung Treng,C580Y,multi,mono,,KEL1/PLA1
A017923,2017,Stung Treng,C580Y,mono,mono,,other
A017924,2017,Stung Treng,C580Y,multi,mono,,KEL1/PLA1
A017925,2017,Stung Treng,C580Y,multi,mono,,KEL1/PLA1
A017928,2017,Stung Treng,C580Y,multi,mono,,KEL1/PLA1
A017929,2017,Stung Treng,C580Y,multi,mono,,KEL1/PLA1
A017930,2017,Stung Treng,WT,multi,mono,,other
A017931,2017,Stung Treng,WT,multi,mono,,other
A017933,2017,Stung Treng,C580Y,mono,mono,,other
A017934,2017,Stung Treng,C580Y,mono,mono,,other
A017935,2017,Stung Treng,C580Y,multi,mono,,KEL1/PLA1
A017936,2017,Stung Treng,C580Y,multi,mono,,KEL1/PLA1
A017971,2017,Stung Treng,C580Y,multi,multi,,KEL1/PLA1
A017972,2017,Stung Treng,C580Y,multi,mono,,KEL1/PLA1
A017973,2017,Stung Treng,C580Y,multi,mono,,KEL1/PLA1
A017974,2017,Stung Treng,C580Y,multi,multi,,KEL1/PLA1
A017975,2017,Stung Treng,C580Y,multi,multi,,KEL1/PLA1
A017977,2017,Stung Treng,C580Y,multi,mono,,KEL1/PLA1
A017978,2017,Stung Treng,C580Y,multi,mono,,KEL1/PLA1
A017979,2017,Stung Treng,C580Y,multi,mono,,KEL1/PLA1
A017980,2017,Stung Treng,C580Y,multi,mono,,KEL1/PLA1
A017981,2017,Stung Treng,C580Y,multi,mono,,KEL1/PLA1
A017982,2017,Stung Treng,WT,mono,mono,,other
A017983,2017,Stung Treng,C580Y,multi,mono,,KEL1/PLA1
A017984,2017,Stung Treng,C580Y,multi,mono,,KEL1/PLA1
A017985,2017,Stung Treng,C580Y,multi,mono,,KEL1/PLA1
A017986,2017,Stung Treng,C580Y,multi,mono,,KEL1/PLA1
A017987,2017,Stung Treng,C580Y,multi,mono,,KEL1/PLA1
A017988,2017,Stung Treng,WT,mono,mono,,other
A017989,2017,Stung Treng,C580Y,multi,mono,,KEL1/PLA1
A017990,2017,Stung Treng,C580Y,multi,mono,,KEL1/PLA1
A017991,2017,Stung Treng,WT,mono,mono,,other
A017992,2017,Stung Treng,WT,mono,mono,,other
A017993,2017,Stung Treng,C580Y,multi,mono,,KEL1/PLA1
A017994,2017,Stung Treng,C580Y,mono,mono,,other
A017995,2017,Stung Treng,C580Y,multi,mono,,KEL1/PLA1
A017996,2017,Stung Treng,C580Y,multi,mono,,KEL1/PLA1
A017997,2017,Stung Treng,C580Y,mono,mono,,other
A017998,2017,Stung Treng,C580Y,multi,mono,,KEL1/PLA1
A017999,2017,Stung Treng,C580Y,multi,mono,,KEL1/PLA1
A018000,2017,Stung Treng,C580Y,multi,mono,,KEL1/PLA1
A018001,2017,Stung Treng,C580Y,multi,mono,,KEL1/PLA1
A018002,2017,Stung Treng,C580Y,multi,mono,,KEL1/PLA1
A018003,2017,Stung Treng,C580Y,multi,mono,,KEL1/PLA1
A018004,2017,Stung Treng,C580Y,multi,mono,,KEL1/PLA1
A018005,2017,Stung Treng,WT,mono,mono,,other
A018007,2017,Stung Treng,C580Y,multi,mono,,KEL1/PLA1
A018008,2017,Stung Treng,C580Y,multi,mono,,KEL1/PLA1
A018009,2017,Stung Treng,C580Y,multi,mono,,KEL1/PLA1
A018010,2017,Stung Treng,C580Y,multi,mono,,KEL1/PLA1
A018011,2017,Stung Treng,C580Y,multi,mono,,KEL1/PLA1
A018012,2017,Stung Treng,C580Y,multi,mono,,KEL1/PLA1
A018013,2017,Stung Treng,C580Y,multi,mono,,KEL1/PLA1
A018014,2017,Stung Treng,C580Y,multi,mono,,KEL1/PLA1
A018015,2017,Stung Treng,C580Y,multi,mono,,KEL1/PLA1
A018016,2017,Stung Treng,C580Y,mono,mono,,other
A018017,2017,Stung Treng,C580Y,multi,mono,,KEL1/PLA1
A018018,2017,Stung Treng,C580Y,multi,mono,,KEL1/PLA1
A018019,2017,Stung Treng,C580Y,multi,mono,,KEL1/PLA1
A018020,2017,Stung Treng,C580Y,multi,mono,,KEL1/PLA1
A018021,2017,Kampong Som,C580Y,multi,mono,,KEL1/PLA1
A018022,2017,Kampong Som,C580Y,multi,mono,,KEL1/PLA1
A018023,2017,Kampong Som,C580Y,multi,mono,,KEL1/PLA1
A018024,2017,Kampong Som,C580Y,multi,mono,,KEL1/PLA1
A018025,2017,Kampong Som,C580Y,multi,mono,,KEL1/PLA1
A018026,2017,Kampong Som,C580Y,multi,mono,,KEL1/PLA1
A018027,2017,Kampong Som,C580Y,multi,mono,,KEL1/PLA1
A018028,2017,Kampong Som,C580Y,multi,mono,,KEL1/PLA1
A018029,2017,Kampong Som,C580Y,mono,mono,,other
A018030,2017,Kampong Som,C580Y,multi,mono,,KEL1/PLA1
A018031,2017,Kampong Som,C580Y,multi,mono,,KEL1/PLA1
A018032,2017,Kampong Som,C580Y,multi,mono,,KEL1/PLA1
A018033,2017,Kampong Som,C580Y,multi,mono,,KEL1/PLA1
A018034,2017,Kampong Som,C580Y,mono,mono,,other
A018035,2017,Kampong Som,C580Y,multi,mono,,KEL1/PLA1
A018037,2017,Kampong Som,C580Y,multi,mono,,KEL1/PLA1
A018038,2017,Kampong Som,C580Y,multi,mono,,KEL1/PLA1
A018039,2017,Kampong Som,C580Y,multi,mono,,KEL1/PLA1
A018040,2017,Kampong Som,C580Y,mono,mono,,other
A018042,2017,Kampong Som,C580Y,mono,mono,,other
A018044,2017,Kampong Som,C580Y,multi,mono,,KEL1/PLA1
A018045,2017,Kampong Som,C580Y,mono,mono,,other
A018046,2017,Kampong Som,C580Y,multi,mono,,KEL1/PLA1
A018047,2017,Kampong Som,C580Y,multi,mono,,KEL1/PLA1
A018048,2017,Kampong Som,C580Y,mono,mono,,other
A018050,2017,Kampong Som,C580Y,multi,mono,,KEL1/PLA1
A018051,2017,Kampong Som,C580Y,multi,mono,,KEL1/PLA1
A018052,2017,Kampong Som,C580Y,multi,mono,,KEL1/PLA1
A018053,2017,Kampong Som,C580Y,mono,mono,,other
A018054,2017,Kampong Som,C580Y,multi,mono,,KEL1/PLA1
A018055,2017,Kampong Som,C580Y,mono,mono,,other
A018056,2017,Kampong Som,C580Y,mono,mono,,other
A018057,2017,Kampong Som,C580Y,multi,mono,,KEL1/PLA1
A018058,2017,Kampong Som,C580Y,mono,mono,,other
A018059,2017,Kampong Som,C580Y,multi,mono,,KEL1/PLA1
A018060,2017,Kampong Som,WT,mono,mono,,other
A018061,2017,Kampong Som,C580Y,multi,mono,,KEL1/PLA1
A018063,2017,Kampong Som,C580Y,multi,mono,,KEL1/PLA1
A018064,2017,Kampong Som,C580Y,multi,mono,,KEL1/PLA1
A018065,2017,Kampong Som,C580Y,multi,mono,,KEL1/PLA1
A018066,2017,Kampong Som,C580Y,multi,mono,,KEL1/PLA1
A018067,2017,Kampong Som,C580Y,multi,mono,,KEL1/PLA1
A018068,2017,Kampong Som,C580Y,multi,mono,,KEL1/PLA1
A018069,2017,Kampong Som,C580Y,multi,mono,,KEL1/PLA1
A018070,2017,Kampong Som,C580Y,multi,mono,,KEL1/PLA1
A018071,2017,Stung Treng,C580Y,mono,mono,,other
A018072,2017,Stung Treng,C580Y,mono,mono,,other
A018073,2017,Stung Treng,WT,mono,mono,,other
A018074,2017,Stung Treng,WT,mono,mono,,other
A018075,2017,Stung Treng,C580Y,multi,mono,,KEL1/PLA1
A018076,2017,Stung Treng,C580Y,multi,multi,,KEL1/PLA1
A018077,2017,Stung Treng,C580Y,multi,mono,,KEL1/PLA1
A018078,2017,Stung Treng,WT,mono,mono,,other
A018079,2017,Stung Treng,C580Y,multi,mono,,KEL1/PLA1
A018080,2017,Stung Treng,C580Y,multi,mono,,KEL1/PLA1
A018081,2017,Stung Treng,C580Y,mono,mono,,other
A018082,2017,Stung Treng,C580Y,multi,mono,,KEL1/PLA1
A018083,2017,Stung Treng,C580Y,mono,multi,,other
A018084,2017,Stung Treng,C580Y,multi,mono,,KEL1/PLA1
A018085,2017,Stung Treng,C580Y,multi,mono,,KEL1/PLA1
A018086,2017,Stung Treng,WT,mono,mono,,other
A018087,2017,Stung Treng,R539T,mono,mono,,other
A018088,2017,Stung Treng,WT,mono,mono,,other
A018089,2017,Stung Treng,R539T,mono,mono,,other
A018091,2017,Stung Treng,C580Y,multi,mono,,KEL1/PLA1
A018092,2017,Stung Treng,WT,multi,mono,,other
A018093,2017,Stung Treng,WT,mono,mono,,other
A018095,2017,Stung Treng,C580Y,multi,mono,,KEL1/PLA1
A018096,2017,Stung Treng,WT,mono,mono,,other
A018097,2017,Stung Treng,WT,multi,mono,,other
A018098,2017,Stung Treng,C580Y,multi,mono,,KEL1/PLA1
A018099,2017,Stung Treng,C580Y,multi,mono,,KEL1/PLA1
A018100,2017,Stung Treng,C580Y,multi,mono,,KEL1/PLA1
A018101,2017,Stung Treng,WT,mono,mono,,other
A018102,2017,Stung Treng,C580Y,multi,multi,,KEL1/PLA1
A018103,2017,Stung Treng,WT,mono,mono,,other
A018104,2017,Stung Treng,WT,mono,mono,,other
A018105,2017,Stung Treng,C580Y,multi,mono,,KEL1/PLA1
A018106,2017,Stung Treng,C580Y,multi,mono,,KEL1/PLA1
A018107,2017,Stung Treng,WT,mono,mono,,other
A018108,2017,Stung Treng,WT,mono,mono,,other
A018109,2017,Stung Treng,C580Y,multi,mono,,KEL1/PLA1
A018110,2017,Stung Treng,WT,mono,mono,,other
A018111,2017,Stung Treng,C580Y,mono,multi,,other
A018113,2017,Stung Treng,WT,mono,mono,,other
A018114,2017,Stung Treng,WT,mono,mono,,other
A018115,2017,Stung Treng,C580Y,multi,mono,,KEL1/PLA1
A018116,2017,Stung Treng,WT,multi,mono,,other
A018117,2017,Stung Treng,C580Y,mono,mono,,other
A018118,2017,Stung Treng,C580Y,multi,mono,,KEL1/PLA1
A018119,2017,Stung Treng,WT,mono,mono,,other
A018120,2017,Stung Treng,C580Y,multi,mono,,KEL1/PLA1
A018122,2017,Stung Treng,WT,mono,mono,,other
A018123,2017,Stung Treng,C580Y,mono,mono,,other
A018124,2017,Stung Treng,C580Y,mono,mono,,other
A018125,2017,Stung Treng,C580Y,mono,mono,,other
A018127,2017,Stung Treng,C580Y,multi,mono,,KEL1/PLA1
A018128,2017,Stung Treng,WT,mono,mono,,other
A018129,2017,Stung Treng,WT,mono,multi,,other
A018131,2017,Stung Treng,C580Y,multi,mono,,KEL1/PLA1
A018132,2017,Stung Treng,C580Y,multi,mono,,KEL1/PLA1
A018133,2017,Stung Treng,WT,multi,multi,,other
A018134,2017,Stung Treng,C580Y,mono,mono,,other
A018135,2017,Stung Treng,C580Y,mono,mono,,other
A018136,2017,Stung Treng,C580Y,multi,multi,,KEL1/PLA1
A018137,2017,Stung Treng,C580Y,multi,multi,,KEL1/PLA1
A018139,2017,Stung Treng,C580Y,multi,mono,,KEL1/PLA1
A018140,2017,Stung Treng,WT,mono,multi,,other
A018141,2017,Stung Treng,WT,mono,multi,,other
A018142,2017,Stung Treng,WT,mono,mono,,other
A018143,2017,Stung Treng,C580Y,multi,mono,,KEL1/PLA1
A018144,2017,Stung Treng,WT,mono,mono,,other
A018145,2017,Stung Treng,WT,multi,mono,,other
A018146,2017,Stung Treng,C580Y,multi,mono,,KEL1/PLA1
A018147,2017,Stung Treng,C580Y,mono,mono,,other
A018148,2017,Stung Treng,C580Y,mono,mono,,other
A018149,2017,Stung Treng,WT,mono,mono,,other
A018150,2017,Stung Treng,C580Y,multi,mono,,KEL1/PLA1
A018151,2017,Stung Treng,C580Y,multi,mono,,KEL1/PLA1
A018152,2017,Stung Treng,C580Y,multi,mono,,KEL1/PLA1
A018153,2017,Stung Treng,C580Y,mono,mono,,other
A018154,2017,Stung Treng,C580Y,mono,mono,,other
A018155,2017,Stung Treng,C580Y,mono,mono,,other
A018156,2017,Stung Treng,C580Y,mono,mono,,other
A018157,2017,Stung Treng,C580Y,mono,mono,,other
A018158,2017,Stung Treng,C580Y,mono,multi,,other
A018159,2017,Stung Treng,C580Y,multi,mono,,KEL1/PLA1
A018160,2017,Stung Treng,WT,mono,multi,,other
A018161,2017,Stung Treng,WT,mono,multi,,other
A018171,2017,Stung Treng,WT,multi,multi,,other
A018172,2017,Stung Treng,C580Y,multi,mono,,KEL1/PLA1
A018173,2017,Stung Treng,C580Y,multi,mono,,KEL1/PLA1
A018174,2017,Stung Treng,C580Y,multi,multi,,KEL1/PLA1
A018175,2017,Stung Treng,WT,multi,mono,,other
A018176,2017,Stung Treng,C580Y,multi,mono,,KEL1/PLA1
A018177,2017,Stung Treng,C580Y,multi,multi,,KEL1/PLA1
A018178,2017,Stung Treng,C580Y,multi,mono,,KEL1/PLA1
A018211,2017,Stung Treng,C580Y,multi,mono,,KEL1/PLA1
A018212,2017,Stung Treng,C580Y,multi,mono,,KEL1/PLA1
A018213,2017,Stung Treng,C580Y,mono,mono,,other
A018214,2017,Stung Treng,C580Y,multi,multi,,KEL1/PLA1
A018215,2017,Stung Treng,C580Y,multi,mono,,KEL1/PLA1
A018216,2017,Stung Treng,WT,multi,mono,,other
A018217,2017,Stung Treng,C580Y,multi,mono,,KEL1/PLA1
A018218,2017,Stung Treng,WT,multi,mono,,other
A018219,2017,Stung Treng,WT,multi,multi,,other
A018220,2017,Stung Treng,C580Y,multi,mono,,KEL1/PLA1
A018271,2017,Promoy,C580Y,multi,mono,,KEL1/PLA1
A018272,2017,Promoy,C580Y,multi,mono,,KEL1/PLA1
A018273,2017,Promoy,C580Y,mono,mono,,other
A018274,2017,Promoy,C580Y,mono,mono,,other
A018275,2017,Promoy,C580Y,mono,mono,,other
A018276,2017,Promoy,C580Y,mono,mono,,other
A018277,2017,Promoy,C580Y,mono,mono,,other
A018278,2017,Promoy,C580Y,mono,mono,,other
A018279,2017,Promoy,C580Y,mono,mono,,other
A018280,2017,Promoy,C580Y,multi,mono,,KEL1/PLA1
A018281,2017,Promoy,C580Y,multi,mono,,KEL1/PLA1
A018282,2017,Promoy,C580Y,mono,mono,,other
A018283,2017,Promoy,C580Y,mono,mono,,other
A018284,2017,Promoy,C580Y,multi,mono,,KEL1/PLA1
A018285,2017,Promoy,C580Y,multi,mono,,KEL1/PLA1
A018286,2017,Promoy,C580Y,multi,mono,,KEL1/PLA1
A018287,2017,Promoy,WT,mono,mono,,other
A018288,2017,Promoy,C580Y,multi,mono,,KEL1/PLA1
A018289,2017,Promoy,WT,multi,mono,,other
A018290,2017,Promoy,C580Y,mono,mono,,other
A018291,2017,Promoy,C580Y,mono,mono,,other
A018321,2017,Oddar Manchey,C580Y,multi,mono,,KEL1/PLA1
A018323,2017,Oddar Manchey,C580Y,multi,mono,,KEL1/PLA1
A018324,2017,Oddar Manchey,C580Y,mono,mono,,other
A018325,2017,Oddar Manchey,WT,multi,mono,,other
A018326,2017,Oddar Manchey,C580Y,mono,mono,,other
A018327,2017,Oddar Manchey,Y493H,multi,mono,,other
A018328,2017,Oddar Manchey,C580Y,mono,mono,,other
A018391,2017,Pursat,C580Y,mono,mono,,other
A018392,2017,Pursat,C580Y,multi,mono,,KEL1/PLA1
A018393,2017,Pursat,C580Y,mono,mono,,other
A018394,2017,Pursat,C580Y,mono,mono,,other
A018395,2017,Pursat,C580Y,multi,mono,,KEL1/PLA1
A018396,2017,Pursat,WT,multi,mono,,other
A018408,2017,Pursat,C580Y,multi,mono,,KEL1/PLA1
A018409,2017,Pursat,C580Y,multi,mono,,KEL1/PLA1
A018410,2017,Pursat,C580Y,multi,mono,,KEL1/PLA1
A018421,2017,Chhoukmeas,C580Y,multi,mono,,KEL1/PLA1
Extr0_01,2017,Kampong Som,C580Y,multi,mono,,KEL1/PLA1
Extr0_02,2017,Kampong Som,WT,mono,mono,,other
Extr0_03,2017,Mondolkiri,WT,mono,mono,,other
Extr0_04,2017,Mondolkiri,WT,multi,mono,,other
Extr0_05,2017,Mondolkiri,C580Y,mono,mono,,other
Extr0_06,2017,Mondolkiri,C580Y,multi,mono,,KEL1/PLA1
Extr0_07,2017,Kampong Cham,C580Y,multi,mono,,KEL1/PLA1
Extr0_08,2017,Kampong Cham,C580Y,multi,mono,,KEL1/PLA1
Extr0_09,2017,Kampong Cham,C580Y,multi,mono,,KEL1/PLA1
Extr0_10,2017,Kampong Cham,C580Y,multi,mono,,KEL1/PLA1
Extr0_11,2017,Kampong Cham,C580Y,multi,mono,,KEL1/PLA1
Extr0_12,2017,Kampong Cham,C580Y,multi,mono,,KEL1/PLA1
8543,2018,Stung Treng,WT,mono,mono,,other
8545,2018,Kampong Speu,WT,multi,mono,sensible,other
8546,2018,Kampong Speu,C580Y,multi,mono,mutant,KEL1/PLA1
8547,2018,Pursat,C580Y,mono,mono,mutant,other
8558,2018,Pursat,C580Y,multi,mono,sensible,KEL1/PLA1
8561,2018,Pursat,C580Y,multi,mono,mutant,KEL1/PLA1
8568,2018,Stung Treng,C580Y,mono,mono,mutant,other
8569,2018,Pursat,C580Y,multi,mono,sensible,KEL1/PLA1
8572,2018,Stung Treng,C580Y,multi,mono,mutant,KEL1/PLA1
8574,2018,Kampong Speu,C580Y,mono,mono,sensible,other
8575,2018,Kampong Speu,C580Y,multi,mono,mutant,KEL1/PLA1
8577,2018,Stung Treng,C580Y,multi,mono,mutant,KEL1/PLA1
8578,2018,Pursat,C580Y,multi,mono,mutant,KEL1/PLA1
8582,2018,Pursat,C580Y,multi,mono,mutant,KEL1/PLA1
8583,2018,Stung Treng,WT,mono,mono,sensible,other
8584,2018,Stung Treng,WT,mono,mono,sensible,other
8593,2018,Kampong Speu,WT,multi,mono,mutant,other
8596,2018,Kampong Speu,C580Y,multi,mono,mutant,KEL1/PLA1
8597,2018,Pursat,WT,multi,mono,mutant,other
8602,2018,Stung Treng,C580Y,multi,mono,mutant,KEL1/PLA1
8603,2018,Kampong Speu,C580Y,multi,mono,mutant,KEL1/PLA1
8604,2018,Pursat,C580Y,multi,mono,sensible,KEL1/PLA1
8609,2018,Pursat,WT,mono,mono,mutant,other
8613,2018,Kampong Speu,C580Y,multi,mono,sensible,KEL1/PLA1
8614,2018,Kampong Speu,C580Y,multi,mono,,KEL1/PLA1
8615,2018,Stung Treng,WT,mono,mono,sensible,other
8616,2018,Pursat,C580Y,multi,mono,sensible,KEL1/PLA1
8617,2018,Pursat,WT,multi,mono,sensible,other
8620,2018,Kampong Speu,C580Y,mono,mono,mutant,other
8621,2018,Stung Treng,WT,mono,mono,mutant,other
8622,2018,Kampong Speu,C580Y,mono,mono,mutant,other
8623,2018,Pursat,C580Y,multi,mono,mutant,KEL1/PLA1
8628,2018,Stung Treng,WT,mono,mono,mutant,other
8636,2018,Stung Treng,WT,mono,mono,sensible,other
8637,2018,Stung Treng,C580Y,multi,mono,mutant,KEL1/PLA1
8638,2018,Stung Treng,WT,multi,mono,sensible,other
8639,2018,Kampong Speu,C580Y,multi,mono,mutant,KEL1/PLA1
8704,2018,Mondolkiri,C580Y,mono,mono,sensible,other
8705,2018,Mondolkiri,C580Y,multi,multi,mutant,KEL1/PLA1
8706,2018,Rattanakiri,C580Y,mono,mono,mutant,other
8707,2018,Kratie,C580Y,mono,mono,sensible,other
8709,2018,Kratie,C580Y,mono,mono,mutant,other
8711,2018,Mondolkiri,C580Y,mono,mono,sensible,other
8717,2018,Mondolkiri,C580Y,multi,multi,sensible,KEL1/PLA1
8718,2018,Mondolkiri,C580Y,mono,mono,mutant,other
8719,2018,Rattanakiri,C580Y,multi,mono,mutant,KEL1/PLA1
8720,2018,Rattanakiri,C580Y,multi,mono,mutant,KEL1/PLA1
8725,2018,Rattanakiri,C580Y,mono,mono,sensible,other
8727,2018,Rattanakiri,C580Y,mono,multi,sensible,other
8728,2018,Mondolkiri,C580Y,mono,mono,sensible,other
8733,2018,Mondolkiri,C580Y,mono,mono,sensible,other
8734,2018,Kratie,C580Y,multi,mono,mutant,KEL1/PLA1
8735,2018,Mondolkiri,C580Y,multi,mono,sensible,KEL1/PLA1
8736,2018,Rattanakiri,C580Y,mono,multi,,other
8737,2018,Rattanakiri,C580Y,mono,mono,sensible,other
8738,2018,Rattanakiri,WT,mono,multi,sensible,other
8739,2018,Rattanakiri,WT,mono,mono,sensible,other
8740,2018,Rattanakiri,WT,mono,mono,sensible,other
8741,2018,Rattanakiri,WT,mono,mono,sensible,other
8742,2018,Mondolkiri,WT,mono,mono,,other
8743,2018,Mondolkiri,C580Y,mono,mono,mutant,other
8744,2018,Mondolkiri,WT,mono,mono,sensible,other
8745,2018,Mondolkiri,WT,mono,mono,sensible,other
8746,2018,Mondolkiri,WT,mono,mono,sensible,other
8749,2018,Rattanakiri,C580Y,mono,multi,sensible,other
8750,2018,Mondolkiri,WT,mono,mono,sensible,other
8751,2018,Mondolkiri,C580Y,mono,mono,mutant,other
8753,2018,Mondolkiri,C580Y,multi,mono,mutant,KEL1/PLA1
8754,2018,Rattanakiri,WT,mono,mono,sensible,other
8759,2018,Rattanakiri,C580Y,multi,mono,mutant,KEL1/PLA1
8760,2018,Rattanakiri,WT,mono,mono,sensible,other
8765,2018,Kratie,C580Y,multi,mono,sensible,KEL1/PLA1
8767,2018,Rattanakiri,WT,mono,mono,sensible,other
8769,2018,Kratie,C580Y,mono,mono,sensible,other
8781,2018,Rattanakiri,WT,mono,mono,sensible,other
8782,2018,Mondolkiri,WT,multi,mono,sensible,other
8783,2018,Mondolkiri,C580Y,mono,mono,sensible,other
8787,2018,Mondolkiri,C580Y,mono,mono,sensible,other
8788,2018,Mondolkiri,C580Y,mono,mono,sensible,other
8790,2018,Kratie,WT,mono,mono,sensible,other
8791,2018,Mondolkiri,WT,mono,mono,sensible,other
8793,2018,Rattanakiri,WT,mono,mono,sensible,other
8794,2018,Kratie,C580Y,mono,mono,,other
8795,2018,Mondolkiri,C580Y,multi,mono,,KEL1/PLA1
8799,2018,Mondolkiri,C580Y,multi,mono,,KEL1/PLA1
8800,2018,Rattanakiri,WT,mono,mono,sensible,other
8806,2018,Mondolkiri,C580Y,mono,mono,,other
8807,2018,Rattanakiri,WT,mono,mono,,other
8810,2018,Mondolkiri,WT,mono,mono,sensible,other
8811,2018,Rattanakiri,C580Y,multi,mono,,KEL1/PLA1
8813,2018,Mondolkiri,WT,mono,mono,,other
8816,2018,Rattanakiri,WT,mono,mono,,other
8817,2018,Rattanakiri,WT,mono,mono,,other
8818,2018,Rattanakiri,WT,mono,mono,,other
8824,2018,Rattanakiri,WT,mono,mono,,other
8829,2018,Rattanakiri,WT,mono,mono,,other
8831,2018,Mondolkiri,WT,multi,mono,,other
8833,2018,Mondolkiri,WT,mono,mono,,other
8834,2018,Mondolkiri,C580Y,mono,mono,,other
8840,2018,Rattanakiri,WT,multi,mono,mutant,other
8841,2018,Rattanakiri,C580Y,mono,mono,,other
8842,2018,Mondolkiri,C580Y,mono,mono,,other
8843,2018,Mondolkiri,WT,mono,mono,sensible,other
8850,2018,Mondolkiri,C580Y,multi,mono,,KEL1/PLA1
8851,2018,Mondolkiri,WT,mono,mono,,other
8853,2018,Rattanakiri,WT,mono,mono,,other
8855,2018,Kratie,C580Y,mono,mono,,other
8861,2018,Mondolkiri,C580Y,multi,mono,,KEL1/PLA1
8868,2018,Mondolkiri,C580Y,multi,mono,,KEL1/PLA1
8870,2018,Rattanakiri,WT,mono,mono,,other
8871,2018,Rattanakiri,WT,mono,mono,sensible,other
8874,2018,Mondolkiri,C580Y,multi,mono,,KEL1/PLA1
8879,2018,Kratie,C580Y,mono,mono,,other
8882,2018,Rattanakiri,C580Y,mono,mono,,other
8883,2018,Kratie,C580Y,mono,mono,,other
8884,2018,Rattanakiri,C580Y,multi,mono,,KEL1/PLA1
8887,2018,Rattanakiri,WT,mono,mono,,other
8888,2018,Rattanakiri,WT,mono,mono,,other
8889,2018,Mondolkiri,C580Y,mono,mono,,other
8890,2018,Mondolkiri,WT,mono,mono,,other
8891,2018,Mondolkiri,WT,mono,mono,sensible,other
8894,2018,Kratie,WT,multi,mono,mutant,other
8900,2018,Rattanakiri,WT,mono,mono,,other
8901,2018,Mondolkiri,C580Y,mono,mono,,other
8907,2018,Mondolkiri,C580Y,mono,mono,,other
8912,2018,Rattanakiri,C580Y,multi,mono,,KEL1/PLA1
8915,2018,Rattanakiri,C580Y,mono,mono,,other
8916,2018,Rattanakiri,R539T,mono,multi,sensible,other
8921,2018,Kratie,C580Y,multi,mono,,KEL1/PLA1
8922,2018,Rattanakiri,C580Y,mono,mono,,other
8923,2018,Kratie,WT,multi,mono,sensible,other
8925,2018,Mondolkiri,C580Y,multi,mono,,KEL1/PLA1
8928,2018,Rattanakiri,WT,mono,mono,,other
8929,2018,Mondolkiri,WT,mono,mono,,other
8938,2018,Kratie,C580Y,mono,mono,,other
8941,2018,Kratie,C580Y,multi,mono,,KEL1/PLA1
8944,2018,Rattanakiri,WT,mono,mono,sensible,other
8954,2018,Rattanakiri,C580Y,mono,mono,,other
8955,2018,Kratie,C580Y,multi,mono,,KEL1/PLA1
8962,2018,Mondolkiri,C580Y,multi,mono,,KEL1/PLA1
8963,2018,Rattanakiri,WT,mono,mono,sensible,other
8964,2018,Rattanakiri,WT,mono,mono,sensible,other
8965,2018,Rattanakiri,WT,mono,mono,sensible,other
8977,2018,Kratie,C580Y,mono,mono,sensible,other
8978,2018,Rattanakiri,C580Y,multi,mono,mutant,KEL1/PLA1
8980,2018,Kratie,WT,mono,mono,sensible,other
8984,2018,Rattanakiri,R539T,mono,multi,,other
8985,2018,Rattanakiri,WT,mono,mono,sensible,other
8993,2018,Rattanakiri,WT,mono,mono,sensible,other
8995,2018,Kratie,C580Y,mono,mono,mutant,other
8999,2018,Kratie,C580Y,mono,mono,mutant,other
9002,2018,Rattanakiri,WT,mono,mono,sensible,other
9003,2018,Rattanakiri,C580Y,mono,mono,sensible,other
9005,2018,Kratie,C580Y,multi,multi,mutant,KEL1/PLA1
9006,2018,Rattanakiri,WT,mono,mono,sensible,other
8544,2018,Rattanakiri,WT,mono,mono,sensible,other
8548,2018,Mondolkiri,C580Y,mono,mono,mutant,other
8562,2018,Rattanakiri,C580Y,mono,mono,sensible,other
8570,2018,Rattanakiri,C580Y,multi,mono,mutant,KEL1/PLA1
8576,2018,Mondolkiri,WT,multi,mono,mutant,other
8579,2018,Mondolkiri,C580Y,multi,mono,mutant,KEL1/PLA1
8580,2018,Mondolkiri,C580Y,multi,mono,mutant,KEL1/PLA1
8703,2018,Pursat,C580Y,multi,mono,mutant,KEL1/PLA1
8710,2018,Kampong Speu,C580Y,multi,mono,,KEL1/PLA1
8712,2018,Kampong Speu,C580Y,mono,mono,,other
8713,2018,Kampong Speu,C580Y,mono,mono,,other
8714,2018,Kampong Speu,C580Y,mono,mono,,other
8715,2018,Kampong Speu,C580Y,multi,mono,,KEL1/PLA1
8716,2018,Pursat,C580Y,multi,mono,mutant,KEL1/PLA1
8723,2018,Kampong Speu,C580Y,multi,mono,,KEL1/PLA1
8724,2018,Kampong Speu,C580Y,multi,mono,,KEL1/PLA1
8726,2018,Pursat,C580Y,multi,mono,sensible,KEL1/PLA1
8730,2018,Pursat,Y493H,mono,mono,mutant,other
8731,2018,Pursat,C580Y,mono,mono,sensible,other
8732,2018,Kampong Speu,C580Y,multi,mono,,KEL1/PLA1
8747,2018,Pursat,C580Y,multi,mono,sensible,KEL1/PLA1
8748,2018,Pursat,C580Y,multi,mono,mutant,KEL1/PLA1
8752,2018,Kampong Speu,WT,multi,mono,,other
8757,2018,Kampong Speu,WT,multi,mono,,other
8761,2018,Kampong Speu,C580Y,multi,mono,mutant,KEL1/PLA1
8762,2018,Kampong Speu,C580Y,mono,mono,,other
8763,2018,Kampong Speu,C580Y,multi,mono,mutant,KEL1/PLA1
8764,2018,Kampong Speu,C580Y,multi,mono,mutant,KEL1/PLA1
8768,2018,Pursat,C580Y,multi,mono,sensible,KEL1/PLA1
8776,2018,Kampong Speu,C580Y,multi,mono,mutant,KEL1/PLA1
8777,2018,Kampong Speu,C580Y,mono,mono,mutant,other
8778,2018,Kampong Speu,Y493H,mono,multi,mutant,other
8779,2018,Kampong Speu,C580Y,multi,mono,sensible,KEL1/PLA1
8784,2018,Pursat,WT,multi,mono,mutant,other
8786,2018,Kampong Speu,C580Y,mono,mono,sensible,other
8789,2018,Kampong Speu,C580Y,mono,mono,mutant,other
8796,2018,Kampong Speu,C580Y,multi,mono,,KEL1/PLA1
8797,2018,Kampong Speu,Y493H,mono,mono,,other
8798,2018,Kampong Speu,C580Y,multi,multi,mutant,KEL1/PLA1
8801,2018,Pursat,WT,mono,mono,mutant,other
8802,2018,Pursat,C580Y,multi,mono,sensible,KEL1/PLA1
8803,2018,Kampong Speu,C580Y,mono,mono,,other
8804,2018,Kampong Speu,C580Y,multi,mono,,KEL1/PLA1
8805,2018,Kampong Speu,Y493H,mono,mono,mutant,other
8809,2018,Kampong Speu,C580Y,multi,mono,,KEL1/PLA1
8814,2018,Kampong Speu,C580Y,multi,mono,,KEL1/PLA1
8815,2018,Pursat,C580Y,multi,mono,,KEL1/PLA1
8819,2018,Kampong Speu,C580Y,multi,mono,,KEL1/PLA1
8820,2018,Kampong Speu,C580Y,multi,mono,,KEL1/PLA1
8828,2018,Pursat,C580Y,multi,mono,,KEL1/PLA1
8832,2018,Pursat,WT,multi,mono,mutant,other
8835,2018,Kampong Speu,C580Y,mono,mono,,other
8836,2018,Kampong Speu,C580Y,multi,mono,,KEL1/PLA1
8837,2018,Kampong Speu,C580Y,mono,mono,,other
8844,2018,Pursat,C580Y,mono,mono,,other
8845,2018,Pursat,WT,mono,mono,mutant,other
8846,2018,Pursat,C580Y,multi,mono,,KEL1/PLA1
8847,2018,Pursat,C580Y,mono,mono,,other
8848,2018,Pursat,C580Y,multi,mono,,KEL1/PLA1
8849,2018,Pursat,C580Y,multi,mono,,KEL1/PLA1
8856,2018,Kampong Speu,WT,multi,mono,sensible,other
8857,2018,Kampong Speu,C580Y,mono,mono,,other
8858,2018,Pursat,C580Y,multi,mono,,KEL1/PLA1
8859,2018,Pursat,C580Y,multi,mono,,KEL1/PLA1
8860,2018,Pursat,C580Y,multi,mono,,KEL1/PLA1
8862,2018,Pursat,WT,mono,mono,mutant,other
8863,2018,Pursat,WT,mono,mono,mutant,other
8864,2018,Pursat,WT,multi,mono,mutant,other
8867,2018,Pursat,C580Y,multi,mono,,KEL1/PLA1
8869,2018,Kampong Speu,WT,multi,mono,mutant,other
8875,2018,Kampong Speu,C580Y,mono,mono,,other
8876,2018,Pursat,WT,mono,mono,mutant,other
8877,2018,Pursat,WT,mono,mono,sensible,other
8878,2018,Kampong Speu,C580Y,multi,mono,,KEL1/PLA1
8885,2018,Pursat,WT,multi,mono,mutant,other
8892,2018,Pursat,C580Y,multi,mono,,KEL1/PLA1
8893,2018,Pursat,WT,multi,mono,mutant,other
8895,2018,Kampong Speu,C580Y,mono,mono,,other
8898,2018,Pursat,WT,mono,mono,sensible,other
8899,2018,Pursat,WT,mono,mono,mutant,other
8902,2018,Pursat,WT,multi,mono,mutant,other
8905,2018,Kampong Speu,WT,multi,mono,mutant,other
8906,2018,Kampong Speu,C580Y,multi,mono,,KEL1/PLA1
8909,2018,Kampong Speu,Y493H,mono,multi,,other
8910,2018,Pursat,WT,mono,mono,mutant,other
8917,2018,Pursat,WT,multi,mono,mutant,other
8918,2018,Pursat,WT,mono,mono,mutant,other
8920,2018,Kampong Speu,WT,multi,mono,sensible,other
8931,2018,Kampong Speu,Y493H,mono,multi,,other
8932,2018,Kampong Speu,Y493H,mono,mono,mutant,other
8936,2018,Kampong Speu,Y493H,mono,mono,mutant,other
8937,2018,Pursat,C580Y,multi,mono,,KEL1/PLA1
8939,2018,Pursat,C580Y,multi,mono,,KEL1/PLA1
8940,2018,Pursat,WT,mono,mono,sensible,other
8942,2018,Kampong Speu,C580Y,multi,mono,,KEL1/PLA1
8945,2018,Kampong Speu,Y493H,mono,mono,mutant,other
8949,2018,Kampong Speu,WT,mono,mono,mutant,other
8950,2018,Kampong Speu,Y493H,mono,mono,,other
8951,2018,Kampong Speu,C580Y,multi,mono,,KEL1/PLA1
8961,2018,Kampong Speu,Y493H,mono,mono,mutant,other
8966,2018,Kampong Speu,C580Y,multi,mono,mutant,KEL1/PLA1
8967,2018,Kampong Speu,C580Y,mono,mono,sensible,other
8972,2018,Kampong Speu,WT,mono,mono,mutant,other
8975,2018,Kampong Speu,C580Y,multi,mono,mutant,KEL1/PLA1
8976,2018,Pursat,WT,multi,mono,sensible,other
8982,2018,Kampong Speu,C580Y,mono,mono,mutant,other
8986,2018,Pursat,C580Y,mono,mono,mutant,other
8988,2018,Kampong Speu,Y493H,mono,multi,mutant,other
8989,2018,Kampong Speu,C580Y,multi,mono,mutant,KEL1/PLA1
8991,2018,Kampong Speu,C580Y,multi,mono,mutant,KEL1/PLA1
8992,2018,Kampong Speu,C580Y,mono,mono,mutant,other
8994,2018,Kampong Speu,WT,mono,mono,mutant,other
9008,2019,Kratie,C580Y,mono,mono,mutant,other
9009,2019,Rattanakiri,C580Y,multi,mono,mutant,KEL1/PLA1
9010,2019,Kratie,C580Y,mono,mono,mutant,other
9023,2019,Kampong Speu,C580Y,mono,mono,sensible,other
9024,2019,Kampong Speu,WT,multi,mono,mutant,other
9025,2019,Kampong Speu,C580Y,multi,mono,mutant,KEL1/PLA1
9026,2019,Kampong Speu,WT,mono,mono,mutant,other
9028,2019,Pursat,C580Y,multi,mono,mutant,KEL1/PLA1
9029,2019,Pursat,Y493H,mono,multi,sensible,other
9031,2019,Mondolkiri,WT,mono,mono,sensible,other
9032,2019,Rattanakiri,WT,mono,mono,sensible,other
9033,2019,Rattanakiri,WT,mono,mono,sensible,other
9034,2019,Pursat,C580Y,multi,mono,mutant,KEL1/PLA1
9035,2019,Rattanakiri,WT,multi,mono,sensible,other
9037,2019,Rattanakiri,WT,mono,mono,sensible,other
9039,2019,Rattanakiri,C580Y,mono,mono,sensible,other
9041,2019,Rattanakiri,C580Y,mono,mono,sensible,other
9042,2019,Rattanakiri,C580Y,mono,multi,sensible,other
9045,2019,Rattanakiri,C580Y,mono,multi,sensible,other
9046,2019,Rattanakiri,WT,mono,mono,sensible,other
9048,2019,Rattanakiri,WT,mono,mono,sensible,other
9049,2019,Rattanakiri,WT,mono,mono,sensible,other
9050,2019,Kampong Speu,C580Y,multi,mono,mutant,KEL1/PLA1
9051,2019,Kampong Speu,C580Y,mono,mono,mutant,other
9052,2019,Rattanakiri,C580Y,multi,mono,sensible,KEL1/PLA1
9053,2019,Rattanakiri,C580Y,mono,mono,sensible,other
9056,2019,Kampong Speu,C580Y,mono,mono,mutant,other
9057,2019,Kampong Speu,C580Y,mono,mono,mutant,other
9058,2019,Kampong Speu,C580Y,multi,multi,mutant,KEL1/PLA1
9059,2019,Rattanakiri,C580Y,mono,multi,sensible,other
9060,2019,Rattanakiri,WT,mono,mono,sensible,other
9061,2019,Rattanakiri,C580Y,mono,multi,sensible,other
9062,2019,Rattanakiri,C580Y,mono,multi,sensible,other
9063,2019,Kratie,WT,mono,mono,mutant,other
9064,2019,Rattanakiri,WT,mono,mono,sensible,other
9065,2019,Rattanakiri,C580Y,mono,multi,sensible,other
9067,2019,Rattanakiri,C580Y,mono,multi,sensible,other
9068,2019,Rattanakiri,WT,multi,mono,sensible,other
9069,2019,Rattanakiri,C580Y,mono,multi,sensible,other
9070,2019,Rattanakiri,C580Y,mono,mono,sensible,other
9071,2019,Rattanakiri,C580Y,mono,multi,sensible,other
9072,2019,Kratie,WT,mono,mono,sensible,other
9073,2019,Kampong Speu,C580Y,mono,mono,mutant,other
9074,2019,Kampong Speu,C580Y,multi,mono,mutant,KEL1/PLA1
9075,2019,Rattanakiri,C580Y,mono,multi,sensible,other
9076,2019,Rattanakiri,C580Y,mono,mono,sensible,other
9077,2019,Rattanakiri,C580Y,mono,multi,sensible,other
9078,2019,Rattanakiri,C580Y,mono,multi,sensible,other
9079,2019,Kratie,WT,mono,mono,mutant,other
9080,2019,Rattanakiri,C580Y,mono,multi,sensible,other
9081,2019,Rattanakiri,C580Y,mono,multi,sensible,other
9082,2019,Kratie,WT,mono,mono,sensible,other
9083,2019,Kampong Speu,C580Y,mono,mono,mutant,other
9086,2019,Rattanakiri,C580Y,mono,mono,sensible,other
9087,2019,Rattanakiri,C580Y,mono,multi,sensible,other
9088,2019,Kampong Speu,C580Y,mono,mono,mutant,other
9089,2019,Rattanakiri,C580Y,mono,multi,sensible,other
9090,2019,Pursat,Y493H,mono,mono,sensible,other
9093,2019,Kampong Speu,Y493H,mono,multi,sensible,other
9095,2019,Pursat,Y493H,mono,mono,sensible,other
9096,2019,Kampong Speu,C580Y,mono,mono,mutant,other
9097,2019,Pursat,Y493H,mono,multi,sensible,other
9098,2019,Pursat,Y493H,mono,mono,sensible,other
9099,2019,Rattanakiri,C580Y,mono,multi,sensible,other
9106,2019,Kratie,WT,mono,mono,sensible,other
9107,2019,Kampong Speu,C580Y,mono,mono,mutant,other
9108,2019,Kampong Speu,C580Y,multi,mono,mutant,KEL1/PLA1
9114,2019,Rattanakiri,WT,mono,mono,sensible,other
9118,2019,Rattanakiri,WT,mono,mono,sensible,other
9119,2019,Rattanakiri,C580Y,mono,mono,sensible,other
9123,2019,Pursat,Y493H,mono,mono,sensible,other
9124,2019,Kampong Speu,C580Y,mono,mono,mutant,other
9128,2019,Kampong Speu,Y493H,mono,multi,sensible,other
9129,2019,Rattanakiri,WT,mono,mono,sensible,other
9132,2019,Rattanakiri,WT,mono,mono,sensible,other
9133,2019,Pursat,Y493H,mono,multi,sensible,other
9134,2019,Kampong Speu,C580Y,multi,mono,mutant,KEL1/PLA1
9135,2019,Kampong Speu,C580Y,multi,mono,mutant,KEL1/PLA1
9136,2019,Kampong Speu,WT,multi,mono,mutant,other
9137,2019,Kratie,C580Y,mono,multi,sensible,other
9140,2019,Kratie,C580Y,multi,mono,mutant,KEL1/PLA1
9143,2019,Kampong Speu,Y493H,mono,multi,sensible,other
9144,2019,Kampong Speu,WT,multi,mono,mutant,other
9145,2019,Kampong Speu,C580Y,mono,mono,mutant,other
9146,2019,Kampong Speu,C580Y,mono,mono,sensible,other
9147,2019,Rattanakiri,C580Y,mono,mono,sensible,other
9151,2019,Kampong Speu,C580Y,mono,mono,sensible,other
9153,2019,Rattanakiri,WT,mono,mono,sensible,other
9154,2019,Kampong Speu,C580Y,multi,mono,mutant,KEL1/PLA1
9155,2019,Kampong Speu,Y493H,mono,mono,mutant,other
9158,2019,Rattanakiri,C580Y,mono,multi,sensible,other
9159,2019,Rattanakiri,C580Y,mono,multi,sensible,other
9162,2019,Kampong Speu,WT,mono,mono,mutant,other
9163,2019,Rattanakiri,C580Y,mono,multi,sensible,other
9164,2019,Rattanakiri,C580Y,mono,multi,sensible,other
9166,2019,Kampong Speu,C580Y,mono,mono,,other
9167,2019,Pursat,Y493H,mono,multi,sensible,other
9169,2019,Pursat,Y493H,mono,multi,sensible,other
9170,2019,Rattanakiri,C580Y,mono,mono,sensible,other
9171,2019,Pursat,Y493H,mono,mono,sensible,other
9172,2019,Rattanakiri,C580Y,mono,multi,sensible,other
9174,2019,Pursat,Y493H,multi,mono,sensible,other
9175,2019,Pursat,Y493H,mono,multi,sensible,other
9177,2019,Rattanakiri,C580Y,mono,multi,sensible,other
9179,2019,Rattanakiri,C580Y,mono,multi,sensible,other
9182,2019,Pursat,Y493H,mono,multi,sensible,other
9184,2019,Rattanakiri,C580Y,mono,multi,sensible,other
9185,2019,Kampong Speu,WT,multi,mono,mutant,other
9189,2019,Rattanakiri,C580Y,mono,multi,sensible,other
9190,2019,Pursat,Y493H,mono,mono,sensible,other
9192,2019,Kampong Speu,Y493H,mono,mono,sensible,other
9193,2019,Kampong Speu,C580Y,mono,mono,mutant,other
9195,2019,Kratie,WT,mono,mono,sensible,other
9197,2019,Pursat,Y493H,mono,mono,sensible,other
9198,2019,Pursat,Y493H,mono,mono,sensible,other
9199,2019,Rattanakiri,C580Y,mono,multi,sensible,other
9011,2019,Kampong Speu,Y493H,multi,mono,,other
9204,2020,Rattanakiri,R539T,mono,mono,sensible,other
9205,2020,Rattanakiri,R539T,mono,mono,sensible,other
9206,2020,Rattanakiri,R539T,mono,mono,sensible,other
9211,2020,Kampong Speu,Y493H,mono,mono,mutant,other
9212,2020,Kampong Speu,Y493H,mono,mono,mutant,other
9213,2020,Kampong Speu,WT,multi,mono,mutant,other
9214,2020,Kampong Speu,Y493H,multi,mono,mutant,other
9215,2020,Kampong Speu,C580Y,mono,mono,mutant,other
9216,2020,Kampong Speu,WT,mono,mono,mutant,other
9217,2020,Kampong Speu,C580Y,mono,mono,mutant,other
9218,2020,Kampong Speu,Y493H,mono,mono,mutant,other
9219,2020,Kampong Speu,Y493H,mono,mono,mutant,other
9220,2020,Kampong Speu,WT,mono,mono,mutant,other
9221,2020,Kampong Speu,Y493H,mono,mono,mutant,other
9222,2020,Rattanakiri,WT,mono,mono,sensible,other
9224,2020,Rattanakiri,WT,mono,multi,sensible,other
9225,2020,Kampong Speu,Y493H,mono,mono,mutant,other
9226,2020,Kampong Speu,Y493H,mono,mono,mutant,other
9232,2020,Rattanakiri,WT,mono,mono,sensible,other
9233,2020,Rattanakiri,WT,mono,multi,sensible,other
9234,2020,Rattanakiri,R539T,mono,mono,sensible,other
9238,2020,Kampong Speu,Y493H,mono,mono,,other
9243,2020,Kampong Speu,C580Y,mono,mono,mutant,other
9244,2020,Rattanakiri,WT,mono,multi,sensible,other
9245,2020,Rattanakiri,WT,mono,multi,sensible,other
9246,2020,Rattanakiri,WT,mono,multi,sensible,other
9247,2020,Rattanakiri,WT,mono,multi,sensible,other
9248,2020,Rattanakiri,WT,mono,multi,sensible,other
9250,2020,Kampong Speu,Y493H,mono,mono,mutant,other
9252,2020,Rattanakiri,WT,mono,multi,sensible,other
9253,2020,Rattanakiri,WT,mono,multi,,other
9255,2020,Kampong Speu,Y493H,mono,mono,mutant,other
9257,2020,Rattanakiri,C580Y,mono,mono,mutant,other
9258,2020,Stung Treng,WT,mono,mono,sensible,other
9259,2020,Stung Treng,WT,mono,mono,,other
9260,2020,Stung Treng,WT,mono,mono,sensible,other
9263,2020,Rattanakiri,WT,mono,mono,sensible,other
9264,2020,Kampong Speu,Y493H,mono,mono,mutant,other
9265,2020,Stung Treng,WT,mono,mono,sensible,other
9266,2020,Stung Treng,WT,mono,mono,sensible,other
9267,2020,Stung Treng,WT,mono,mono,sensible,other
9268,2021,Rattanakiri,C580Y,mono,mono,sensible,other
9269,2021,Rattanakiri,WT,mono,mono,sensible,other
9272,2021,Kampong Speu,Y493H,mono,mono,,other
9273,2021,Kampong Speu,C580Y,mono,mono,,other
9274,2021,Kampong Speu,Y493H,mono,mono,,other
9275,2021,Kampong Speu,Y493H,mono,mono,,other
9276,2021,Kampong Speu,C580Y,mono,mono,,other
9277,2021,Kampong Speu,C580Y,mono,mono,,other
9278,2021,Kampong Speu,C580Y,mono,mono,,other
9279,2021,Kampong Speu,C580Y,mono,mono,,other
9280,2021,Kampong Speu,C580Y,mono,mono,,other
9281,2021,Kampong Speu,C580Y,mono,mono,,other
9282,2021,Kampong Speu,C580Y,mono,mono,,other
9283,2021,Kampong Speu,C580Y,mono,mono,,other
9284,2021,Kampong Speu,C580Y,mono,mono,,other
9285,2021,Kampong Speu,C580Y,multi,mono,,KEL1/PLA1
9286,2021,Kampong Speu,Y493H,mono,mono,,other
9287,2022,Kampong Speu,Y493H,mono,mono,,other
9288,2022,Kampong Speu,C580Y,mono,mono,,other
9289,2022,Kampong Speu,C580Y,mono,mono,,other
9290,2022,Kampong Speu,Y493H,mono,mono,,other
9291,2022,Kampong Speu,C580Y,mono,mono,,other
9292,2022,Kampong Speu,C580Y,mono,mono,,other
9293,2022,Stung Treng,WT,mono,mono,,other
9294,2022,Stung Treng,WT,mono,mono,,other
9295,2022,Stung Treng,WT,mono,mono,,other
9296,2022,Kratie,WT,mono,mono,,other
9297,2022,Kratie,WT,mono,mono,,other
9298,2022,Kratie,WT,mono,mono,,other
9299,2022,Stung Treng,WT,mono,mono,,other
9300,2022,Stung Treng,WT,mono,mono,,other
9301,2022,Stung Treng,WT,mono,mono,,other
9302,2022,Kratie,WT,mono,mono,,other
9303,2022,Kratie,WT,mono,mono,,other
9304,2022,Kratie,WT,mono,mono,,other
9305,2022,Kratie,WT,mono,mono,,other
9306,2022,Kratie,WT,multi,mono,,other
9307,2022,Kratie,WT,mono,mono,,other
